time,mw,ms_press_left,ms_temp,rpm,react_pwr,,,,,,
6/17/2021 6:14,214.05,80.5,424,2999,63.55,,,,,,
6/17/2021 6:15,205.73,81.286,427,3001,69.22,,,,,,
6/17/2021 6:16,217.13,86.126,430,2999,68.06,,,,,,
6/17/2021 6:17,218.65,90.863,433,2999,67.58,,,,,,
6/17/2021 6:18,222.56,93.967,436,3001,69.5,,,,,,
6/17/2021 6:19,224.84,96.729,438,3002,69.12,,,,,,
6/17/2021 6:20,231.75,96.585,439,3002,62.98,,,,,,
6/17/2021 6:21,230.04,96.544,439,3003,64.99,,,,,,
6/17/2021 6:22,223.48,95.156,438,3001,57.6,,,,,,
6/17/2021 6:23,220.05,92.989,436,3001,57.31,,,,,,
6/17/2021 6:24,218.18,91.26,434,3003,64.8,,,,,,
6/17/2021 6:25,216.75,90.077,433,3002,60,,,,,,
6/17/2021 6:26,219.12,89.619,433,3001,59.62,,,,,,
6/17/2021 6:27,218.51,89.865,433,3000,63.07,,,,,,
6/17/2021 6:28,219.35,89.482,433,3001,62.02,,,,,,
6/17/2021 6:29,219.63,89.51,433,3000,61.82,,,,,,
6/17/2021 6:30,221.25,89.783,433,3001,63.36,,,,,,
6/17/2021 6:31,222.33,90.392,433,3000,65.28,,,,,,
6/17/2021 6:32,223.34,90.528,433,2999,66.24,,,,,,
6/17/2021 6:33,221.34,90.836,433,2999,60.38,,,,,,
6/17/2021 6:34,220.92,90.665,433,3000,55.2,,,,,,
6/17/2021 6:35,218.84,90.296,432,2999,53.86,,,,,,
6/17/2021 6:36,218.74,89.537,432,2999,54.62,,,,,,
6/17/2021 6:37,217.8,88.669,432,2998,58.37,,,,,,
6/17/2021 6:38,216.42,88.102,432,2996,55.2,,,,,,
6/17/2021 6:39,217.5,87.425,432,2997,49.25,,,,,,
6/17/2021 6:40,217.31,87.097,432,2999,42.72,,,,,,
6/17/2021 6:41,218.84,87.356,432,2997,43.58,,,,,,
6/17/2021 6:42,213.63,87.384,433,2997,43.2,,,,,,
6/17/2021 6:43,208.48,87.384,433,2997,41.95,,,,,,
6/17/2021 6:44,209.55,86.967,432,2999,41.38,,,,,,
6/17/2021 6:45,208.43,86.516,432,3000,42.72,,,,,,
6/17/2021 6:46,208.52,85.545,432,2999,43.68,,,,,,
6/17/2021 6:47,208.62,84.636,432,2997,47.23,,,,,,
6/17/2021 6:48,208.62,84.403,432,2997,46.37,,,,,,
6/17/2021 6:49,208.76,83.891,432,2995,46.66,,,,,,
6/17/2021 6:50,207.77,83.617,432,2996,47.04,,,,,,
6/17/2021 6:51,206.81,83.009,433,2997,48.48,,,,,,
6/17/2021 6:52,208.05,82.1,432,2997,46.37,,,,,,
6/17/2021 6:53,207.38,81.963,433,2999,45.41,,,,,,
6/17/2021 6:54,208.2,81.71,433,2999,46.75,,,,,,
6/17/2021 6:55,205.5,81.949,433,2999,37.54,,,,,,
6/17/2021 6:56,204.35,80.247,433,3000,40.9,,,,,,
6/17/2021 6:57,197.7,79.174,433,3000,39.84,,,,,,
6/17/2021 6:58,184.2,77.185,433,3000,40.42,,,,,,
6/17/2021 6:59,173.18,77.144,433,3001,40.9,,,,,,
6/17/2021 7:00,179.7,79.625,434,3001,36.48,,,,,,
6/17/2021 7:01,185.16,81.806,434,3001,34.75,,,,,,
6/17/2021 7:02,187.85,83.672,435,3001,37.34,,,,,,
6/17/2021 7:03,181.69,84.875,437,3001,37.73,,,,,,
6/17/2021 7:04,180.38,86.434,438,2999,42.34,,,,,,
6/17/2021 7:05,180.84,88.006,439,2997,43.2,,,,,,
6/17/2021 7:06,181.83,90.624,440,2995,40.99,,,,,,
6/17/2021 7:07,182.74,91.342,441,2994,42.05,,,,,,
6/17/2021 7:08,179.77,91.232,442,2995,41.38,,,,,,
6/17/2021 7:09,178.71,91.287,443,2993,43.49,,,,,,
6/17/2021 7:10,178.34,92.34,444,2992,40.03,,,,,,
6/17/2021 7:11,181.97,93.468,444,2994,40.7,,,,,,
6/17/2021 7:12,180.98,94.063,445,2995,40.42,,,,,,
6/17/2021 7:13,180.98,94.835,445,2995,37.34,,,,,,
6/17/2021 7:14,183.54,95.594,444,2995,40.8,,,,,,
6/17/2021 7:15,188.98,96.476,444,2993,39.36,,,,,,
6/17/2021 7:16,188.84,95.785,443,2993,39.74,,,,,,
6/17/2021 7:17,186.38,95.067,442,2993,42.72,,,,,,
6/17/2021 7:18,183.54,94.008,441,2992,42.91,,,,,,
6/17/2021 7:19,187.43,92.914,439,2992,40.32,,,,,,
6/17/2021 7:20,187.38,92.169,438,2993,42.82,,,,,,
6/17/2021 7:21,185.06,91.355,437,2992,42.14,,,,,,
6/17/2021 7:22,184.48,90.768,435,2992,37.06,,,,,,
6/17/2021 7:23,183.82,90.337,434,2992,35.9,,,,,,
6/17/2021 7:24,182.84,90.392,432,2994,35.33,,,,,,
6/17/2021 7:25,182.84,89.995,431,2995,35.42,,,,,,
6/17/2021 7:26,183.26,89.838,430,2993,33.41,,,,,,
6/17/2021 7:27,183.26,89.961,429,2996,34.08,,,,,,
6/17/2021 7:28,182.06,89.92,428,2994,29.47,,,,,,
6/17/2021 7:29,181.64,89.455,427,2995,27.07,,,,,,
6/17/2021 7:30,181.08,89.243,427,2996,26.02,,,,,,
6/17/2021 7:31,181.17,88.97,426,2996,23.42,,,,,,
6/17/2021 7:32,180.05,88.43,426,2998,28.99,,,,,,
6/17/2021 7:33,180.56,88.43,427,2997,29.47,,,,,,
6/17/2021 7:34,181.03,88.628,427,2996,25.82,,,,,,
6/17/2021 7:35,181.5,88.915,428,2998,27.07,,,,,,
6/17/2021 7:36,181.69,88.983,429,2997,28.03,,,,,,
6/17/2021 7:37,181.78,88.983,430,2997,27.07,,,,,,
6/17/2021 7:38,180.94,88.819,430,2996,29.95,,,,,,
6/17/2021 7:39,179.86,88.307,431,2994,27.84,,,,,,
6/17/2021 7:40,181.45,87.842,432,2993,26.5,,,,,,
6/17/2021 7:41,183.35,87.644,432,2995,24.58,,,,,,
6/17/2021 7:42,186.09,87.466,433,2995,25.44,,,,,,
6/17/2021 7:43,187.22,87.814,434,2995,23.33,,,,,,
6/17/2021 7:44,187.85,87.828,435,2995,24.1,,,,,,
6/17/2021 7:45,191.91,87.466,436,2997,22.94,,,,,,
6/17/2021 7:46,193.8,87.151,437,2998,21.22,,,,,,
6/17/2021 7:47,195.89,86.994,438,2998,20.45,,,,,,
6/17/2021 7:48,198.54,87.179,439,2998,19.1,,,,,,
6/17/2021 7:49,198.26,87.979,440,2998,19.01,,,,,,
6/17/2021 7:50,198.4,88.156,441,2999,15.26,,,,,,
6/17/2021 7:51,198.63,87.896,441,2999,15.84,,,,,,
6/17/2021 7:52,198.02,87.951,442,2999,16.22,,,,,,
6/17/2021 7:53,196.41,87.575,443,2999,13.44,,,,,,
6/17/2021 7:54,197.7,86.912,443,3000,14.5,,,,,,
6/17/2021 7:55,197.02,87.056,444,3000,11.14,,,,,,
6/17/2021 7:56,196.83,87.11,444,3000,9.5,,,,,,
6/17/2021 7:57,198.45,87.11,444,3000,9.6,,,,,,
6/17/2021 7:58,198.73,87.124,445,3001,10.27,,,,,,
6/17/2021 7:59,199.2,87.534,445,3001,9.6,,,,,,
6/17/2021 8:00,199.71,87.992,445,3000,9.6,,,,,,
6/17/2021 8:01,198.87,88.129,446,3001,6.05,,,,,,
6/17/2021 8:02,198.45,88.402,446,3001,9.6,,,,,,
6/17/2021 8:03,199.34,88.457,446,3002,6.91,,,,,,
6/17/2021 8:04,201.47,88.484,446,3001,6.62,,,,,,
6/17/2021 8:05,202.03,88.184,446,3000,11.04,,,,,,
6/17/2021 8:06,202.99,88.129,446,2998,4.9,,,,,,
6/17/2021 8:07,204.45,88.252,446,2998,8.16,,,,,,
6/17/2021 8:08,203.98,88.614,446,3000,10.18,,,,,,
6/17/2021 8:09,204.26,88.997,446,3000,11.81,,,,,,
6/17/2021 8:10,203.84,88.819,446,2999,15.84,,,,,,
6/17/2021 8:11,203.65,88.956,446,2998,13.54,,,,,,
6/17/2021 8:12,205.31,88.997,446,2998,15.55,,,,,,
6/17/2021 8:13,205.27,89.188,446,3000,15.07,,,,,,
6/17/2021 8:14,206.02,89.879,446,2999,18.53,,,,,,
6/17/2021 8:15,204.54,90.2,446,2999,18.53,,,,,,
6/17/2021 8:16,205.88,90.241,446,2998,16.8,,,,,,
6/17/2021 8:17,205.73,90.405,446,2999,16.13,,,,,,
6/17/2021 8:18,204.82,90.487,446,3000,16.61,,,,,,
6/17/2021 8:19,205.59,90.754,446,2998,16.7,,,,,,
6/17/2021 8:20,204.73,90.904,446,2998,11.42,,,,,,
6/17/2021 8:21,206.06,91.041,446,2998,11.04,,,,,,
6/17/2021 8:22,205.64,91.219,447,3000,14.88,,,,,,
6/17/2021 8:23,205.36,91.314,447,3001,15.17,,,,,,
6/17/2021 8:24,206.77,91.232,447,3002,16.03,,,,,,
6/17/2021 8:25,207.54,91.342,447,3000,16.03,,,,,,
6/17/2021 8:26,208.34,91.704,447,3000,20.54,,,,,,
6/17/2021 8:27,208.15,92.06,447,2999,17.38,,,,,,
6/17/2021 8:28,207.54,92.367,447,2999,20.35,,,,,,
6/17/2021 8:29,206.77,92.695,447,3000,16.51,,,,,,
6/17/2021 8:30,208.66,92.6,447,3000,14.11,,,,,,
6/17/2021 8:31,208.95,92.777,447,3003,14.4,,,,,,
6/17/2021 8:32,209.04,93.208,448,3004,16.13,,,,,,
6/17/2021 8:33,207.73,93.734,448,3005,18.43,,,,,,
6/17/2021 8:34,206.53,93.953,448,3004,19.58,,,,,,
6/17/2021 8:35,207.14,93.427,448,3004,21.79,,,,,,
6/17/2021 8:36,206.67,92.832,448,3004,22.94,,,,,,
6/17/2021 8:37,205.92,92.641,448,3002,24.67,,,,,,
6/17/2021 8:38,206.3,92.408,448,3001,25.25,,,,,,
6/17/2021 8:39,204.91,92.244,448,3001,24.1,,,,,,
6/17/2021 8:40,205.69,91.868,448,3001,25.06,,,,,,
6/17/2021 8:41,206.86,91.355,448,3002,24.29,,,,,,
6/17/2021 8:42,206.81,91.513,448,3004,26.02,,,,,,
6/17/2021 8:43,205.92,91.909,448,3004,26.02,,,,,,
6/17/2021 8:44,205.97,92.012,448,3005,27.84,,,,,,
6/17/2021 8:45,206.44,91.219,448,3005,26.78,,,,,,
6/17/2021 8:46,206.91,91.451,448,3004,27.94,,,,,,
6/17/2021 8:47,206.58,91.69,448,3005,25.82,,,,,,
6/17/2021 8:48,207.54,91.704,448,3004,25.63,,,,,,
6/17/2021 8:49,207.28,91.759,448,3004,28.8,,,,,,
6/17/2021 8:50,206.77,92.299,449,3005,29.28,,,,,,
6/17/2021 8:51,207.33,92.183,449,3002,31.58,,,,,,
6/17/2021 8:52,206.39,91.882,449,3002,29.95,,,,,,
6/17/2021 8:53,206.53,92.128,450,3002,27.94,,,,,,
6/17/2021 8:54,206.53,91.608,450,3002,29.38,,,,,,
6/17/2021 8:55,205.73,91.513,450,3002,28.9,,,,,,
6/17/2021 8:56,206.06,91.178,450,3002,26.5,,,,,,
6/17/2021 8:57,206.39,90.986,450,3003,30.91,,,,,,
6/17/2021 8:58,206.3,90.836,450,3003,28.7,,,,,,
6/17/2021 8:59,206.44,90.918,450,3002,26.4,,,,,,
6/17/2021 9:00,205.92,90.822,450,3001,29.09,,,,,,
6/17/2021 9:01,204.82,90.754,450,3000,30.34,,,,,,
6/17/2021 9:02,205.08,90.597,450,2999,30.43,,,,,,
6/17/2021 9:03,206.53,90.31,450,3000,30.91,,,,,,
6/17/2021 9:04,205.97,90.501,450,3000,31.01,,,,,,
6/17/2021 9:05,204.02,90.863,450,3000,33.7,,,,,,
6/17/2021 9:06,205.45,90.474,450,2998,32.35,,,,,,
6/17/2021 9:07,205.17,90.009,449,2999,30.91,,,,,,
6/17/2021 9:08,205.45,89.961,449,2999,33.41,,,,,,
6/17/2021 9:09,203.79,90.159,449,2999,30.62,,,,,,
6/17/2021 9:10,204.26,89.77,449,2998,29.28,,,,,,
6/17/2021 9:11,204.82,89.011,449,2998,28.99,,,,,,
6/17/2021 9:12,203.93,89.011,449,2999,28.8,,,,,,
6/17/2021 9:13,202.57,88.833,448,3001,32.45,,,,,,
6/17/2021 9:14,201,88.293,448,3001,34.37,,,,,,
6/17/2021 9:15,201.47,87.151,448,2998,36.86,,,,,,
6/17/2021 9:16,203.46,86.529,448,2998,36.48,,,,,,
6/17/2021 9:17,204.68,86.83,448,2999,40.9,,,,,,
6/17/2021 9:18,204.12,87.151,448,2999,40.51,,,,,,
6/17/2021 9:19,205.64,87.315,449,2997,39.17,,,,,,
6/17/2021 9:20,205.5,88.006,449,2997,38.11,,,,,,
6/17/2021 9:21,206.95,88.266,449,3001,36.77,,,,,,
6/17/2021 9:22,206.02,88.847,449,3001,35.81,,,,,,
6/17/2021 9:23,205.22,89.264,449,3001,37.15,,,,,,
6/17/2021 9:24,205.64,89.12,449,3002,35.52,,,,,,
6/17/2021 9:25,205.31,89.079,449,3003,39.07,,,,,,
6/17/2021 9:26,205.17,89.264,449,3002,44.16,,,,,,
6/17/2021 9:27,205.5,89.175,449,3000,44.74,,,,,,
6/17/2021 9:28,205.13,89.264,449,2999,46.85,,,,,,
6/17/2021 9:29,203.74,89.332,449,2996,50.21,,,,,,
6/17/2021 9:30,205.08,89.243,449,2995,50.21,,,,,,
6/17/2021 9:31,205.55,89.161,449,2994,52.42,,,,,,
6/17/2021 9:32,205.92,89.305,449,2994,50.5,,,,,,
6/17/2021 9:33,206.25,89.551,449,2993,52.7,,,,,,
6/17/2021 9:34,206.67,89.646,449,2994,52.7,,,,,,
6/17/2021 9:35,205.45,90.214,449,2993,52.42,,,,,,
6/17/2021 9:36,205.41,90.228,449,2993,53.86,,,,,,
6/17/2021 9:37,206.53,89.879,449,2993,53.28,,,,,,
6/17/2021 9:38,205.5,89.742,449,2992,50.4,,,,,,
6/17/2021 9:39,206.34,89.564,449,2992,53.18,,,,,,
6/17/2021 9:40,206.11,89.291,449,2994,45.98,,,,,,
6/17/2021 9:41,206.48,89.51,449,2995,43.39,,,,,,
6/17/2021 9:42,205.41,90.118,449,2997,43.39,,,,,,
6/17/2021 9:43,205.22,89.995,450,2999,41.28,,,,,,
6/17/2021 9:44,204.63,89.824,450,3001,41.38,,,,,,
6/17/2021 9:45,204.45,89.482,450,3002,40.13,,,,,,
6/17/2021 9:46,203.79,89.51,451,3003,39.07,,,,,,
6/17/2021 9:47,204.02,89.011,451,3001,36.29,,,,,,
6/17/2021 9:48,204.54,88.751,451,3000,36.29,,,,,,
6/17/2021 9:49,204.3,88.942,452,3000,34.46,,,,,,
6/17/2021 9:50,204.63,89.011,452,3000,32.93,,,,,,
6/17/2021 9:51,204.12,88.696,452,3003,33.12,,,,,,
6/17/2021 9:52,204.26,88.498,452,3003,34.37,,,,,,
6/17/2021 9:53,204.59,88.683,452,3003,39.26,,,,,,
6/17/2021 9:54,205.17,88.628,452,3001,26.78,,,,,,
6/17/2021 9:55,205.59,88.402,452,2999,27.74,,,,,,
6/17/2021 9:56,205.97,88.669,452,2998,23.62,,,,,,
6/17/2021 9:57,204.68,89.188,452,2996,23.81,,,,,,
6/17/2021 9:58,204.3,88.806,452,2998,21.98,,,,,,
6/17/2021 9:59,205.08,88.628,452,2998,20.35,,,,,,
6/17/2021 10:00,203.18,88.43,452,2999,22.56,,,,,,
6/17/2021 10:01,203.51,87.951,452,3000,16.9,,,,,,
6/17/2021 10:02,203.74,87.685,452,3000,16.22,,,,,,
6/17/2021 10:03,204.21,87.466,452,3001,19.58,,,,,,
6/17/2021 10:04,204.3,87.548,452,3002,15.65,,,,,,
6/17/2021 10:05,205.17,87.801,452,3001,19.2,,,,,,
6/17/2021 10:06,204.3,87.657,453,3001,18.05,,,,,,
6/17/2021 10:07,204.73,87.589,453,3000,17.66,,,,,,
6/17/2021 10:08,205.31,87.63,453,3001,15.65,,,,,,
6/17/2021 10:09,205.08,88.102,453,3002,16.7,,,,,,
6/17/2021 10:10,204.82,88.389,453,3002,15.55,,,,,,
6/17/2021 10:11,202.76,88.348,453,3000,22.27,,,,,,
6/17/2021 10:12,203.04,88.02,453,3000,15.94,,,,,,
6/17/2021 10:13,202.36,87.657,452,3000,17.38,,,,,,
6/17/2021 10:14,202.17,86.734,452,3000,18.53,,,,,,
6/17/2021 10:15,201.7,86.365,452,2999,17.18,,,,,,
6/17/2021 10:16,201.8,86.167,452,2998,19.49,,,,,,
6/17/2021 10:17,201.75,85.771,453,3002,16.8,,,,,,
6/17/2021 10:18,201.05,85.606,453,3002,16.13,,,,,,
6/17/2021 10:19,201.14,85.244,453,3003,17.28,,,,,,
6/17/2021 10:20,204.4,85.012,453,3002,15.94,,,,,,
6/17/2021 10:21,208.2,85.107,454,3002,16.51,,,,,,
6/17/2021 10:22,212.16,87.179,455,3002,12.96,,,,,,
6/17/2021 10:23,216.19,89.537,456,3003,16.13,,,,,,
6/17/2021 10:24,217.03,92.367,456,3003,18.14,,,,,,
6/17/2021 10:25,220.17,95.04,457,3002,24.86,,,,,,
6/17/2021 10:26,220.17,96.893,457,3001,26.78,,,,,,
6/17/2021 10:27,221.91,98.479,457,2999,26.78,,,,,,
6/17/2021 10:28,222.77,99.682,456,2999,27.84,,,,,,
6/17/2021 10:29,220.59,100.06,456,2998,31.78,,,,,,
6/17/2021 10:30,224.18,99.654,455,2997,32.74,,,,,,
6/17/2021 10:31,229.85,98.793,455,2996,31.01,,,,,,
6/17/2021 10:32,227.84,96.325,454,2995,33.6,,,,,,
6/17/2021 10:33,224.09,92.299,453,2996,30.91,,,,,,
6/17/2021 10:34,214.05,87.855,453,2997,28.22,,,,,,
6/17/2021 10:35,209.37,84.861,452,2998,24.96,,,,,,
6/17/2021 10:36,211.45,83.658,452,3000,23.04,,,,,,
6/17/2021 10:37,214.15,84.116,452,3000,26.88,,,,,,
6/17/2021 10:38,215.39,84.526,452,3001,24,,,,,,
6/17/2021 10:39,217.71,84.998,452,3000,26.98,,,,,,
6/17/2021 10:40,219.45,85.559,453,3000,30.62,,,,,,
6/17/2021 10:41,220.69,86.365,453,2998,28.9,,,,,,
6/17/2021 10:42,219.96,87.035,453,2997,28.7,,,,,,
6/17/2021 10:43,220.64,87.165,454,2999,28.42,,,,,,
6/17/2021 10:44,220.45,87.562,454,3001,26.02,,,,,,
6/17/2021 10:45,219.77,87.767,455,3002,26.11,,,,,,
6/17/2021 10:46,227.34,87.644,456,3001,28.22,,,,,,
6/17/2021 10:47,228.91,87.712,457,3001,27.55,,,,,,
6/17/2021 10:48,230.09,87.507,458,3000,29.28,,,,,,
6/17/2021 10:49,231.38,87.315,459,3000,26.4,,,,,,
6/17/2021 10:50,231.33,87.712,460,3000,21.79,,,,,,
6/17/2021 10:51,230.72,87.534,461,2999,21.31,,,,,,
6/17/2021 10:52,229.62,87.083,461,3000,21.7,,,,,,
6/17/2021 10:53,236.34,87.356,462,3000,15.94,,,,,,
6/17/2021 10:54,234.21,87.274,462,2999,16.03,,,,,,
6/17/2021 10:55,230.86,85.579,462,3000,20.35,,,,,,
6/17/2021 10:56,230.13,83.918,462,3000,17.76,,,,,,
6/17/2021 10:57,226.69,82.995,463,3000,17.66,,,,,,
6/17/2021 10:58,226.45,82.694,463,3000,18.05,,,,,,
6/17/2021 10:59,225.94,82.455,464,3001,20.54,,,,,,
6/17/2021 11:00,225.94,82.277,465,3001,14.69,,,,,,
6/17/2021 11:01,226.97,82.346,466,3001,15.26,,,,,,
6/17/2021 11:02,229.85,82.455,467,3003,16.7,,,,,,
6/17/2021 11:03,231.42,82.845,467,3002,17.95,,,,,,
6/17/2021 11:04,232.8,83.535,468,3001,18.14,,,,,,
6/17/2021 11:05,231.42,84.068,469,3002,19.49,,,,,,
6/17/2021 11:06,231.52,84.212,469,3002,19.78,,,,,,
6/17/2021 11:07,232.08,84.253,469,3002,25.54,,,,,,
6/17/2021 11:08,232.03,84.608,469,3000,25.82,,,,,,
6/17/2021 11:09,231.56,84.458,469,2999,28.61,,,,,,
6/17/2021 11:10,231.23,84.417,469,2998,30.82,,,,,,
6/17/2021 11:11,232.45,84.54,469,2998,30.91,,,,,,
6/17/2021 11:12,233.23,84.889,469,2998,27.84,,,,,,
6/17/2021 11:13,233.41,85.107,470,2998,26.98,,,,,,
6/17/2021 11:14,235.24,85.559,470,2998,26.3,,,,,,
6/17/2021 11:15,238.05,85.976,470,3000,23.04,,,,,,
6/17/2021 11:16,244.2,86.338,471,3000,26.78,,,,,,
6/17/2021 11:17,253.38,86.584,471,3001,23.42,,,,,,
6/17/2021 11:18,263.18,87.035,472,3001,25.15,,,,,,
6/17/2021 11:19,267.89,88.655,473,3003,25.15,,,,,,
6/17/2021 11:20,269.18,88.956,473,3003,23.81,,,,,,
6/17/2021 11:21,270.63,89.12,474,3005,19.3,,,,,,
6/17/2021 11:22,270.7,89.229,474,3006,21.89,,,,,,
6/17/2021 11:23,277.69,88.532,474,3005,26.21,,,,,,
6/17/2021 11:24,281.34,87.91,475,3005,23.33,,,,,,
6/17/2021 11:25,286.78,87.097,475,3006,18.72,,,,,,
6/17/2021 11:26,293.02,86.57,476,3006,19.01,,,,,,
6/17/2021 11:27,296.16,86.953,476,3007,21.12,,,,,,
6/17/2021 11:28,297.47,87.179,477,3008,18.43,,,,,,
6/17/2021 11:29,299.41,87.302,477,3008,17.76,,,,,,
6/17/2021 11:30,299.46,87.233,478,3010,20.83,,,,,,
6/17/2021 11:31,297.84,87.206,478,3009,20.93,,,,,,
6/17/2021 11:32,296.63,86.666,478,3010,22.27,,,,,,
6/17/2021 11:33,296.39,85.989,477,3009,20.54,,,,,,
6/17/2021 11:34,297.52,85.948,477,3009,25.06,,,,,,
6/17/2021 11:35,301.31,86.235,477,3009,25.92,,,,,,
6/17/2021 11:36,297.61,86.816,478,3008,30.05,,,,,,
6/17/2021 11:37,295.34,86.324,477,3007,28.9,,,,,,
6/17/2021 11:38,294.02,85.948,477,3007,29.38,,,,,,
6/17/2021 11:39,291.98,85.606,477,3007,29.57,,,,,,
6/17/2021 11:40,288.54,85.094,476,3007,28.13,,,,,,
6/17/2021 11:41,287.34,84.253,476,3007,31.97,,,,,,
6/17/2021 11:42,286.31,83.918,476,3007,29.57,,,,,,
6/17/2021 11:43,285.59,83.398,476,3008,31.58,,,,,,
6/17/2021 11:44,287.48,83.173,476,3005,33.89,,,,,,
6/17/2021 11:45,289.95,84.212,476,3005,40.42,,,,,,
6/17/2021 11:46,291.47,84.636,476,3004,36.67,,,,,,
6/17/2021 11:47,291.7,85.559,477,3003,35.71,,,,,,
6/17/2021 11:48,292.13,85.839,477,3005,32.16,,,,,,
6/17/2021 11:49,289.57,85.839,476,3006,33.12,,,,,,
6/17/2021 11:50,288.19,85.593,476,3006,32.54,,,,,,
6/17/2021 11:51,288.14,84.861,476,3005,35.33,,,,,,
6/17/2021 11:52,286.73,84.745,477,3004,32.54,,,,,,
6/17/2021 11:53,286.36,84.581,477,3004,33.41,,,,,,
6/17/2021 11:54,287.11,84.444,477,3005,29.57,,,,,,
6/17/2021 11:55,287.39,84.444,477,3004,28.99,,,,,,
6/17/2021 11:56,288.19,85.012,477,3006,25.06,,,,,,
6/17/2021 11:57,290.65,85.285,477,3007,22.08,,,,,,
6/17/2021 11:58,288.63,85.381,477,3007,16.22,,,,,,
6/17/2021 11:59,289.34,85.066,477,3006,13.54,,,,,,
6/17/2021 12:00,289.76,84.971,477,3006,9.02,,,,,,
6/17/2021 12:01,289.66,85.258,477,3008,2.98,,,,,,
6/17/2021 12:02,288.73,84.916,477,3009,3.26,,,,,,
6/17/2021 12:03,288.77,84.69,477,3010,4.22,,,,,,
6/17/2021 12:04,289.76,84.649,477,3011,1.15,,,,,,
6/17/2021 12:05,291.66,85.066,477,3013,1.34,,,,,,
6/17/2021 12:06,289.34,85.285,477,3012,1.15,,,,,,
6/17/2021 12:07,286.78,84.581,477,3011,-0.96,,,,,,
6/17/2021 12:08,286.73,83.973,477,3010,0.48,,,,,,
6/17/2021 12:09,286.36,83.809,477,3009,3.17,,,,,,
6/17/2021 12:10,286.59,83.563,477,3007,0.19,,,,,,
6/17/2021 12:11,287.95,83.658,477,3007,0,,,,,,
6/17/2021 12:12,286.92,84.185,477,3007,0.29,,,,,,
6/17/2021 12:13,286.64,83.809,477,3007,-3.17,,,,,,
6/17/2021 12:14,286.97,83.214,477,3007,-3.84,,,,,,
6/17/2021 12:15,285.59,83.795,478,3006,-1.34,,,,,,
6/17/2021 12:16,285.98,83.228,478,3006,-2.88,,,,,,
6/17/2021 12:17,286.36,82.954,478,3006,-4.61,,,,,,
6/17/2021 12:18,290.91,83.467,479,3006,-2.59,,,,,,
6/17/2021 12:19,293.51,84.93,479,3007,-1.15,,,,,,
6/17/2021 12:20,296.3,85.948,479,3004,-2.11,,,,,,
6/17/2021 12:21,297.84,86.762,479,3004,-0.67,,,,,,
6/17/2021 12:22,298.08,86.83,479,3004,3.17,,,,,,
6/17/2021 12:23,300.49,87.384,479,3003,-0.58,,,,,,
6/17/2021 12:24,301.31,87.828,478,3003,0.96,,,,,,
6/17/2021 12:25,302.2,87.814,478,3005,0.77,,,,,,
6/17/2021 12:26,303.91,88.088,478,3003,-1.25,,,,,,
6/17/2021 12:27,305.32,88.669,478,3003,-3.26,,,,,,
6/17/2021 12:28,307.64,89.4,479,3004,-4.7,,,,,,
6/17/2021 12:29,308.2,89.906,479,3004,-6.91,,,,,,
6/17/2021 12:30,311.48,90.31,479,3005,-10.56,,,,,,
6/17/2021 12:31,314.32,91.232,480,3004,-12.67,,,,,,
6/17/2021 12:32,316.64,92.34,481,3005,-17.86,,,,,,
6/17/2021 12:33,318.42,93.085,482,3006,-13.73,,,,,,
6/17/2021 12:34,319.48,93.632,483,3005,-19.68,,,,,,
6/17/2021 12:35,319.52,93.481,484,3006,-19.97,,,,,,
6/17/2021 12:36,318.73,93.468,484,3005,-15.46,,,,,,
6/17/2021 12:37,318.56,93.345,485,3003,-14.21,,,,,,
6/17/2021 12:38,319.38,93.194,485,3000,-16.03,,,,,,
6/17/2021 12:39,319.76,93.953,485,2999,-19.39,,,,,,
6/17/2021 12:40,324.82,94.268,484,2999,-16.42,,,,,,
6/17/2021 12:41,323.25,95.566,483,2996,-19.2,,,,,,
6/17/2021 12:42,316.05,95.471,482,2997,-23.62,,,,,,
6/17/2021 12:43,308.44,95.942,481,2998,-26.69,,,,,,
6/17/2021 12:44,300.98,97.856,480,3000,-26.69,,,,,,
6/17/2021 12:45,291.23,100.17,480,3000,-27.07,,,,,,
6/17/2021 12:46,284.84,100.96,480,3000,-28.9,,,,,,
6/17/2021 12:47,282.56,101.5,480,3002,-28.7,,,,,,
6/17/2021 12:48,282.94,101.72,481,3002,-28.13,,,,,,
6/17/2021 12:49,290.84,101.85,483,3001,-27.07,,,,,,
6/17/2021 12:50,297.56,104.3,484,3000,-24.86,,,,,,
6/17/2021 12:51,295.01,104.73,485,2998,-23.14,,,,,,
6/17/2021 12:52,293.11,104.03,487,2998,-23.23,,,,,,
6/17/2021 12:53,289.8,104.11,487,2997,-22.56,,,,,,
6/17/2021 12:54,290.74,104.4,488,2997,-21.6,,,,,,
6/17/2021 12:55,289.85,104.67,489,2997,-29.86,,,,,,
6/17/2021 12:56,293.65,104.95,490,2999,-33.98,,,,,,
6/17/2021 12:57,300.16,105.57,490,3001,-34.56,,,,,,
6/17/2021 12:58,310.95,106.61,491,3001,-41.86,,,,,,
6/17/2021 12:59,328.76,108.29,492,3003,-40.61,,,,,,
6/17/2021 13:00,336.66,109.59,492,3005,-44.93,,,,,,
6/17/2021 13:01,336.02,109.91,491,3006,-51.26,,,,,,
6/17/2021 13:02,332.91,108.95,490,3009,-50.59,,,,,,
6/17/2021 13:03,329.46,108.33,489,3010,-50.21,,,,,,
6/17/2021 13:04,330.16,107.47,488,3010,-53.09,,,,,,
6/17/2021 13:05,331.41,107.54,487,3010,-48.48,,,,,,
6/17/2021 13:06,331.92,107.73,487,3009,-43.97,,,,,,
6/17/2021 13:07,334.48,108.17,487,3005,-42.82,,,,,,
6/17/2021 13:08,336.84,109.19,487,3004,-35.14,,,,,,
6/17/2021 13:09,340.52,109.61,487,3000,-35.9,,,,,,
6/17/2021 13:10,344.32,110.4,487,3000,-38.02,,,,,,
6/17/2021 13:11,347.06,110.55,487,3000,-29.76,,,,,,
6/17/2021 13:12,353.16,110.89,487,2997,-31.68,,,,,,
6/17/2021 13:13,356.81,111.71,487,2998,-28.7,,,,,,
6/17/2021 13:14,355.76,112.1,487,2997,-30.43,,,,,,
6/17/2021 13:15,353.91,111.31,487,2998,-28.7,,,,,,
6/17/2021 13:16,354.16,110.47,487,2998,-28.9,,,,,,
6/17/2021 13:17,352.64,110.21,487,2999,-29.66,,,,,,
6/17/2021 13:18,352.27,109.75,487,3001,-30.72,,,,,,
6/17/2021 13:19,354.45,109.57,487,3004,-31.2,,,,,,
6/17/2021 13:20,355.01,109.94,487,3003,-30.82,,,,,,
6/17/2021 13:21,356.86,109.82,488,3004,-30.91,,,,,,
6/17/2021 13:22,355.29,110.22,489,3004,-29.09,,,,,,
6/17/2021 13:23,355.29,109.55,490,3003,-31.39,,,,,,
6/17/2021 13:24,354.91,109.67,490,3003,-31.01,,,,,,
6/17/2021 13:25,351.61,109.15,491,3003,-33.5,,,,,,
6/17/2021 13:26,352.41,109.1,492,3004,-35.04,,,,,,
6/17/2021 13:27,351.94,109.06,493,3006,-36.48,,,,,,
6/17/2021 13:28,351.84,109.26,494,3006,-38.02,,,,,,
6/17/2021 13:29,353.67,109.33,494,3006,-37.34,,,,,,
6/17/2021 13:30,355.99,109.81,495,3005,-35.81,,,,,,
6/17/2021 13:31,356.13,110.3,496,3004,-31.2,,,,,,
6/17/2021 13:32,356.91,110.18,496,3002,-27.94,,,,,,
6/17/2021 13:33,357.56,110.3,496,3001,-25.25,,,,,,
6/17/2021 13:34,356.04,109.95,497,2999,-21.12,,,,,,
6/17/2021 13:35,355.8,109.79,497,2998,-18.43,,,,,,
6/17/2021 13:36,354.77,109.7,498,2997,-18.91,,,,,,
6/17/2021 13:37,356.46,109.85,499,2994,-18.82,,,,,,
6/17/2021 13:38,357.7,110.15,501,2996,-12.48,,,,,,
6/17/2021 13:39,359.09,110.24,502,2994,-12.67,,,,,,
6/17/2021 13:40,360.07,110.61,503,2993,-11.14,,,,,,
6/17/2021 13:41,359.41,110.51,503,2994,-12.58,,,,,,
6/17/2021 13:42,358.69,110.33,504,2993,-9.89,,,,,,
6/17/2021 13:43,358.73,110.36,504,2996,-17.09,,,,,,
6/17/2021 13:44,359.7,110.5,504,2999,-21.79,,,,,,
6/17/2021 13:45,361.78,110.46,505,3002,-21.41,,,,,,
6/17/2021 13:46,363.7,111.04,505,3004,-24.29,,,,,,
6/17/2021 13:47,366.35,111.15,506,3005,-18.91,,,,,,
6/17/2021 13:48,369.73,112.07,507,3004,-18.72,,,,,,
6/17/2021 13:49,372.33,113.39,507,3004,-16.32,,,,,,
6/17/2021 13:50,371.67,114.13,507,3002,-14.5,,,,,,
6/17/2021 13:51,370.05,113.48,507,3001,-13.34,,,,,,
6/17/2021 13:52,366.89,112.57,506,3001,-10.85,,,,,,
6/17/2021 13:53,362.06,111.52,505,3001,-5.86,,,,,,
6/17/2021 13:54,355.99,109.27,504,3000,-4.99,,,,,,
6/17/2021 13:55,351.35,107.81,504,3001,-8.64,,,,,,
6/17/2021 13:56,347.81,106.46,503,3002,-5.76,,,,,,
6/17/2021 13:57,346.34,105.92,503,3001,-1.06,,,,,,
6/17/2021 13:58,344.65,105.89,502,3001,1.82,,,,,,
6/17/2021 13:59,344.46,106.13,502,3000,0.86,,,,,,
6/17/2021 14:00,342.28,106.55,502,3001,5.18,,,,,,
6/17/2021 14:01,339.12,106.51,502,2999,3.46,,,,,,
6/17/2021 14:02,335.84,106.11,502,3001,5.86,,,,,,
6/17/2021 14:03,333.82,106.26,502,3000,7.01,,,,,,
6/17/2021 14:04,335.55,106.84,503,2999,7.87,,,,,,
6/17/2021 14:05,338.39,107.69,504,2998,7.87,,,,,,
6/17/2021 14:06,340.24,108.87,505,2999,12.29,,,,,,
6/17/2021 14:07,342.52,109.34,506,2998,12.19,,,,,,
6/17/2021 14:08,342.09,109.72,506,2997,18.91,,,,,,
6/17/2021 14:09,344.32,109.74,507,2995,22.18,,,,,,
6/17/2021 14:10,346.15,109.89,507,2994,23.33,,,,,,
6/17/2021 14:11,346.5,110.11,507,2994,27.94,,,,,,
6/17/2021 14:12,345.35,109.88,507,2992,29.57,,,,,,
6/17/2021 14:13,346.24,109.63,507,2991,33.22,,,,,,
6/17/2021 14:14,346.38,109.88,507,2990,34.18,,,,,,
6/17/2021 14:15,347.34,109.64,507,2989,32.93,,,,,,
6/17/2021 14:16,348.05,109.85,507,2991,28.7,,,,,,
6/17/2021 14:17,347.67,109.85,507,2993,30.34,,,,,,
6/17/2021 14:18,348.33,109.81,507,2995,30.34,,,,,,
6/17/2021 14:19,348.47,109.82,507,2995,31.58,,,,,,
6/17/2021 14:20,348.52,109.88,508,2993,30.14,,,,,,
6/17/2021 14:21,350.04,109.88,508,2994,34.56,,,,,,
6/17/2021 14:22,350.51,110.1,508,2993,32.16,,,,,,
6/17/2021 14:23,352.92,110.26,509,2993,27.65,,,,,,
6/17/2021 14:24,354.4,110.41,509,2994,30.72,,,,,,
6/17/2021 14:25,354.82,110.32,510,2995,27.07,,,,,,
6/17/2021 14:26,355.38,110.32,510,2997,32.74,,,,,,
6/17/2021 14:27,354.68,110.17,510,2995,37.25,,,,,,
6/17/2021 14:28,354.35,110.06,510,2992,29.18,,,,,,
6/17/2021 14:29,355.24,109.76,510,2994,32.35,,,,,,
6/17/2021 14:30,355.34,109.95,510,2993,32.54,,,,,,
6/17/2021 14:31,355.71,110.04,510,2993,26.69,,,,,,
6/17/2021 14:32,356.18,110.1,510,2994,29.76,,,,,,
6/17/2021 14:33,357,109.98,509,2993,29.47,,,,,,
6/17/2021 14:34,359.55,110.18,509,2992,28.03,,,,,,
6/17/2021 14:35,358.73,110.46,510,2991,28.42,,,,,,
6/17/2021 14:36,358.13,109.91,510,2990,28.03,,,,,,
6/17/2021 14:37,357,109.82,510,2991,23.62,,,,,,
6/17/2021 14:38,357,109.52,509,2991,22.85,,,,,,
6/17/2021 14:39,356.23,109.5,509,2994,18.91,,,,,,
6/17/2021 14:40,356.04,109.5,509,2994,14.59,,,,,,
6/17/2021 14:41,356.86,109.57,509,2998,17.47,,,,,,
6/17/2021 14:42,354.87,109.79,509,2998,13.63,,,,,,
6/17/2021 14:43,356.04,110.14,510,3000,13.34,,,,,,
6/17/2021 14:44,357.98,110.87,510,3001,11.9,,,,,,
6/17/2021 14:45,360.45,111.31,510,3002,12.58,,,,,,
6/17/2021 14:46,362.02,111.89,510,3002,8.16,,,,,,
6/17/2021 14:47,362.2,112.01,510,3004,6.91,,,,,,
6/17/2021 14:48,363.84,111.71,510,3004,11.9,,,,,,
6/17/2021 14:49,363.89,112.03,510,3003,11.04,,,,,,
6/17/2021 14:50,363.7,111.96,510,3002,10.37,,,,,,
6/17/2021 14:51,361.64,111.93,510,3001,8.54,,,,,,
6/17/2021 14:52,359.91,111.4,510,3001,12,,,,,,
6/17/2021 14:53,359.32,111.4,510,3001,12.96,,,,,,
6/17/2021 14:54,358.03,110.97,510,3000,13.92,,,,,,
6/17/2021 14:55,357.42,111.16,510,2998,15.84,,,,,,
6/17/2021 14:56,357.28,111,510,2997,15.17,,,,,,
6/17/2021 14:57,356.77,111.05,511,2995,14.69,,,,,,
6/17/2021 14:58,357.05,111.16,511,2995,12,,,,,,
6/17/2021 14:59,359.55,111.37,511,2996,10.27,,,,,,
6/17/2021 15:00,359.74,111.47,511,2997,4.13,,,,,,
6/17/2021 15:01,359.37,111.78,512,3000,6.24,,,,,,
6/17/2021 15:02,360.21,111.66,512,3002,2.98,,,,,,
6/17/2021 15:03,360.16,111.86,512,3002,4.61,,,,,,
6/17/2021 15:04,360.12,111.86,512,3002,2.11,,,,,,
6/17/2021 15:05,359.23,111.71,512,3002,1.82,,,,,,
6/17/2021 15:06,359.55,111.66,512,3003,2.5,,,,,,
6/17/2021 15:07,360.02,111.63,512,3004,2.88,,,,,,
6/17/2021 15:08,360.82,111.81,512,3002,2.11,,,,,,
6/17/2021 15:09,359.13,111.84,512,3001,3.94,,,,,,
6/17/2021 15:10,358.31,111.74,512,3000,3.46,,,,,,
6/17/2021 15:11,358.5,111.66,512,2999,4.03,,,,,,
6/17/2021 15:12,358.45,111.56,512,2999,1.06,,,,,,
6/17/2021 15:13,357.52,111.69,511,3000,4.51,,,,,,
6/17/2021 15:14,354.87,111.62,511,3000,7.39,,,,,,
6/17/2021 15:15,354.4,111.28,511,2998,7.49,,,,,,
6/17/2021 15:16,355.76,111.25,511,2996,7.1,,,,,,
6/17/2021 15:17,356.81,111.84,511,2995,6.43,,,,,,
6/17/2021 15:18,356.41,112.2,511,2996,4.61,,,,,,
6/17/2021 15:19,356.32,112.64,511,2996,3.94,,,,,,
6/17/2021 15:20,358.55,113.22,511,2996,4.7,,,,,,
6/17/2021 15:21,362.3,114.26,512,2998,2.69,,,,,,
6/17/2021 15:22,365.41,115.18,512,2998,1.54,,,,,,
6/17/2021 15:23,367.31,115.73,512,3000,-0.86,,,,,,
6/17/2021 15:24,367.55,116.14,513,2999,-5.57,,,,,,
6/17/2021 15:25,368.86,116.13,513,3001,-5.76,,,,,,
6/17/2021 15:26,370.29,116.14,514,3002,-5.86,,,,,,
6/17/2021 15:27,369.87,116.1,515,3002,-5.47,,,,,,
6/17/2021 15:28,370.99,116.01,515,3002,-0.77,,,,,,
6/17/2021 15:29,370.8,116.2,516,3001,-2.88,,,,,,
6/17/2021 15:30,371.86,115.95,516,3002,-2.78,,,,,,
6/17/2021 15:31,373.27,115.99,517,3003,-2.88,,,,,,
6/17/2021 15:32,373.13,116.36,517,3003,-4.32,,,,,,
6/17/2021 15:33,374.11,116.24,518,3003,-0.48,,,,,,
6/17/2021 15:34,372.47,116.14,518,3004,-2.11,,,,,,
6/17/2021 15:35,374.74,116.12,518,3002,-4.51,,,,,,
6/17/2021 15:36,374.55,116.07,518,3003,-4.99,,,,,,
6/17/2021 15:37,374.16,116.07,518,3004,-1.34,,,,,,
6/17/2021 15:38,374.51,116.03,518,3004,-2.98,,,,,,
6/17/2021 15:39,376.15,116.2,518,3002,-2.78,,,,,,
6/17/2021 15:40,376.05,116.22,518,3002,-3.07,,,,,,
6/17/2021 15:41,375.54,116.2,518,3003,-4.61,,,,,,
6/17/2021 15:42,373.03,115.73,518,3003,-5.18,,,,,,
6/17/2021 15:43,373.31,115.51,518,3003,1.06,,,,,,
6/17/2021 15:44,374.32,115.55,518,3002,3.84,,,,,,
6/17/2021 15:45,374.02,115.9,518,2999,-2.88,,,,,,
6/17/2021 15:46,375.07,115.96,518,2998,-6.05,,,,,,
6/17/2021 15:47,375.26,116.16,518,3000,-9.22,,,,,,
6/17/2021 15:48,375.82,116.16,518,3001,-11.14,,,,,,
6/17/2021 15:49,375.68,116.25,518,3000,-12,,,,,,
6/17/2021 15:50,375.96,116.33,518,3001,-13.44,,,,,,
6/17/2021 15:51,376.83,116.09,518,3002,-15.46,,,,,,
6/17/2021 15:52,377.48,116.28,519,3002,-6.91,,,,,,
6/17/2021 15:53,377.06,116.32,519,3002,-10.94,,,,,,
6/17/2021 15:54,377.3,116.12,519,3001,-4.32,,,,,,
6/17/2021 15:55,376.83,116.02,518,3001,-6.05,,,,,,
6/17/2021 15:56,375.21,116.01,518,3000,-2.02,,,,,,
6/17/2021 15:57,375.12,115.87,518,3000,0.67,,,,,,
6/17/2021 15:58,375.26,115.83,517,3001,-1.44,,,,,,
6/17/2021 15:59,374.79,115.83,517,3001,-0.86,,,,,,
6/17/2021 16:00,373.55,115.83,517,3001,-1.82,,,,,,
6/17/2021 16:01,374.06,115.59,517,3002,-2.5,,,,,,
6/17/2021 16:02,373.27,115.71,517,3003,-1.44,,,,,,
6/17/2021 16:03,371.6,115.98,517,3004,-3.36,,,,,,
6/17/2021 16:04,373.64,116.86,517,3003,-3.36,,,,,,
6/17/2021 16:05,377.86,117.91,518,3004,-8.54,,,,,,
6/17/2021 16:06,380.51,118.96,518,3003,-1.15,,,,,,
6/17/2021 16:07,383.91,119.49,518,3003,0.77,,,,,,
6/17/2021 16:08,387.52,119.77,518,3003,3.65,,,,,,
6/17/2021 16:09,387.61,120,518,3003,4.32,,,,,,
6/17/2021 16:10,386.95,120.11,518,3001,2.11,,,,,,
6/17/2021 16:11,386.55,120.1,518,3001,5.57,,,,,,
6/17/2021 16:12,387.52,120.33,518,3000,11.14,,,,,,
6/17/2021 16:13,389.84,121.06,518,3000,9.7,,,,,,
6/17/2021 16:14,392.16,121.63,518,2999,13.63,,,,,,
6/17/2021 16:15,394.03,122.21,518,3000,14.98,,,,,,
6/17/2021 16:16,395.74,122.32,518,2996,12.77,,,,,,
6/17/2021 16:17,395.6,122.63,519,2998,13.82,,,,,,
6/17/2021 16:18,396.54,122.55,518,2999,8.26,,,,,,
6/17/2021 16:19,395.27,122.55,519,3001,6.43,,,,,,
6/17/2021 16:20,397.69,123.17,519,3002,6.62,,,,,,
6/17/2021 16:21,399.91,124.67,519,3003,5.95,,,,,,
6/17/2021 16:22,404.93,125.86,519,3003,5.38,,,,,,
6/17/2021 16:23,405.73,127.09,519,3003,4.22,,,,,,
6/17/2021 16:24,406.71,127.37,519,3001,4.42,,,,,,
6/17/2021 16:25,407.53,127.29,519,3000,10.94,,,,,,
6/17/2021 16:26,408.52,127.65,520,2998,8.54,,,,,,
6/17/2021 16:27,409.76,127.51,520,2997,5.38,,,,,,
6/17/2021 16:28,407.3,127.78,521,2998,3.07,,,,,,
6/17/2021 16:29,411.96,127.8,521,2998,-3.36,,,,,,
6/17/2021 16:30,414.19,128.01,521,2999,3.36,,,,,,
6/17/2021 16:31,416.41,128.89,522,2999,5.38,,,,,,
6/17/2021 16:32,422.2,128.8,522,2998,-0.77,,,,,,
6/17/2021 16:33,423.61,129.36,522,2998,-4.42,,,,,,
6/17/2021 16:34,427.73,129.57,522,2999,-7.78,,,,,,
6/17/2021 16:35,434.84,129.62,522,3000,0.29,,,,,,
6/17/2021 16:36,440.84,130.48,522,3002,-5.95,,,,,,
6/17/2021 16:37,444,131.18,522,3002,-4.61,,,,,,
6/17/2021 16:38,445.24,131.48,523,3003,-1.82,,,,,,
6/17/2021 16:39,445.99,131.65,523,3002,-0.29,,,,,,
6/17/2021 16:40,446.51,131.91,522,3001,0.38,,,,,,
6/17/2021 16:41,446.32,131.71,521,3000,-3.74,,,,,,
6/17/2021 16:42,443.77,131.24,521,2998,-0.19,,,,,,
6/17/2021 16:43,441.77,130.88,520,2999,-0.19,,,,,,
6/17/2021 16:44,439.99,130.42,519,2999,-1.25,,,,,,
6/17/2021 16:45,438.47,129.62,519,2997,0.58,,,,,,
6/17/2021 16:46,437.86,129.5,518,2997,1.63,,,,,,
6/17/2021 16:47,436.43,129.58,518,2996,-4.13,,,,,,
6/17/2021 16:48,437.18,129.57,518,2998,7.39,,,,,,
6/17/2021 16:49,437.79,129.58,518,3000,5.38,,,,,,
6/17/2021 16:50,436.99,129.82,518,3001,4.32,,,,,,
6/17/2021 16:51,438.05,129.84,518,3001,5.28,,,,,,
6/17/2021 16:52,437.53,130.01,519,3002,3.84,,,,,,
6/17/2021 16:53,438.42,129.97,519,3003,3.94,,,,,,
6/17/2021 16:54,439.59,130.27,520,3003,3.26,,,,,,
6/17/2021 16:55,439.13,130.11,520,3002,3.55,,,,,,
6/17/2021 16:56,438.84,130.19,520,3001,4.61,,,,,,
6/17/2021 16:57,438.23,130.09,520,3000,3.94,,,,,,
6/17/2021 16:58,437.13,130.01,519,3000,8.54,,,,,,
6/17/2021 16:59,436.85,129.99,519,3000,9.89,,,,,,
6/17/2021 17:00,435.82,129.68,519,2998,7.3,,,,,,
6/17/2021 17:01,434.3,129.71,519,2998,6.34,,,,,,
6/17/2021 17:02,432.94,129.38,519,3000,4.8,,,,,,
6/17/2021 17:03,430.01,129.17,520,3003,4.32,,,,,,
6/17/2021 17:04,428.44,128.97,520,2999,3.46,,,,,,
6/17/2021 17:05,425.32,128.65,521,3002,5.76,,,,,,
6/17/2021 17:06,424.03,128.58,522,3001,6.34,,,,,,
6/17/2021 17:07,422.91,128.58,523,3000,7.2,,,,,,
6/17/2021 17:08,421.9,128.65,523,2997,7.49,,,,,,
6/17/2021 17:09,421.1,128.62,524,2997,7.2,,,,,,
6/17/2021 17:10,420.91,128.81,524,2997,9.5,,,,,,
6/17/2021 17:11,423.61,129.25,525,2995,8.26,,,,,,
6/17/2021 17:12,428.72,130.33,525,2998,6.34,,,,,,
6/17/2021 17:13,433.17,131.5,526,2999,4.61,,,,,,
6/17/2021 17:14,435.73,132.62,526,3000,7.58,,,,,,
6/17/2021 17:15,438.47,132.98,526,3001,4.42,,,,,,
6/17/2021 17:16,438.14,133.39,526,2999,7.68,,,,,,
6/17/2021 17:17,435.63,132.92,526,3001,14.02,,,,,,
6/17/2021 17:18,435.16,132.45,526,2998,13.25,,,,,,
6/17/2021 17:19,434.11,132.22,526,2999,15.36,,,,,,
6/17/2021 17:20,433.08,131.99,526,2998,14.21,,,,,,
6/17/2021 17:21,432.89,131.99,526,2998,20.93,,,,,,
6/17/2021 17:22,431.51,131.86,527,2996,18.62,,,,,,
6/17/2021 17:23,432.02,132.28,527,2995,19.87,,,,,,
6/17/2021 17:24,436.29,133.23,528,2995,17.38,,,,,,
6/17/2021 17:25,438,134.46,528,2996,13.92,,,,,,
6/17/2021 17:26,438.75,135.12,529,2997,14.69,,,,,,
6/17/2021 17:27,438.23,135.32,529,2999,10.27,,,,,,
6/17/2021 17:28,439.31,135.37,529,3001,7.78,,,,,,
6/17/2021 17:29,441.87,135.84,529,3002,12.67,,,,,,
6/17/2021 17:30,445.8,136.49,529,3001,11.52,,,,,,
6/17/2021 17:31,448.64,137.33,529,3001,11.23,,,,,,
6/17/2021 17:32,448.36,137.98,530,3000,12,,,,,,
6/17/2021 17:33,448.45,137.68,530,2999,6.62,,,,,,
6/17/2021 17:34,446.51,137.49,531,3000,9.12,,,,,,
6/17/2021 17:35,445.9,137.02,531,3000,12.96,,,,,,
6/17/2021 17:36,445.76,136.96,532,2998,13.44,,,,,,
6/17/2021 17:37,448.41,136.94,532,2997,5.28,,,,,,
6/17/2021 17:38,453.19,137.26,533,2999,12.96,,,,,,
6/17/2021 17:39,458.58,138.14,534,2999,13.73,,,,,,
6/17/2021 17:40,464.34,138.87,535,2997,9.98,,,,,,
6/17/2021 17:41,466.66,139.66,535,3000,12.77,,,,,,
6/17/2021 17:42,468.56,140.09,536,2998,11.42,,,,,,
6/17/2021 17:43,471.26,140.69,536,2999,11.14,,,,,,
6/17/2021 17:44,475.66,140.69,536,2999,9.41,,,,,,
6/17/2021 17:45,475.8,141.39,535,3001,12.48,,,,,,
6/17/2021 17:46,473.91,141.07,535,3001,13.25,,,,,,
6/17/2021 17:47,474.75,141.73,535,3000,21.89,,,,,,
6/17/2021 17:48,475.48,141.61,535,2999,25.06,,,,,,
6/17/2021 17:49,475.95,141.93,535,2999,27.84,,,,,,
6/17/2021 17:50,476.84,142.19,535,2997,28.99,,,,,,
6/17/2021 17:51,478.69,142.32,536,2998,31.97,,,,,,
6/17/2021 17:52,480.09,142.79,536,2997,31.78,,,,,,
6/17/2021 17:53,480.91,143.12,536,2998,32.83,,,,,,
6/17/2021 17:54,483.38,144.07,536,2999,31.78,,,,,,
6/17/2021 17:55,488.48,145.39,536,2999,31.49,,,,,,
6/17/2021 17:56,493.55,146.61,537,2999,28.7,,,,,,
6/17/2021 17:57,498.38,147.59,537,2999,27.46,,,,,,
6/17/2021 17:58,499.31,148.34,538,3001,26.59,,,,,,
6/17/2021 17:59,501.87,149.02,538,3002,21.12,,,,,,
6/17/2021 18:00,506.98,150.21,538,3002,21.41,,,,,,
6/17/2021 18:01,511.24,151.11,539,3003,14.78,,,,,,
6/17/2021 18:02,516.26,152.04,538,3005,16.42,,,,,,
6/17/2021 18:03,518.02,153.11,538,3007,16.22,,,,,,
6/17/2021 18:04,517.71,153.23,538,3005,19.3,,,,,,
6/17/2021 18:05,516.73,152.74,538,3005,16.99,,,,,,
6/17/2021 18:06,513,151.9,538,3005,18.72,,,,,,
6/17/2021 18:07,510.14,151.14,537,3004,22.18,,,,,,
6/17/2021 18:08,508.78,150.04,538,3002,20.54,,,,,,
6/17/2021 18:09,507.3,149.78,539,3000,18.43,,,,,,
6/17/2021 18:10,509.53,149.95,540,3001,19.97,,,,,,
6/17/2021 18:11,511.2,150.17,541,3001,17.76,,,,,,
6/17/2021 18:12,514.69,150.52,542,3000,19.68,,,,,,
6/17/2021 18:13,517.8,151.55,543,3001,21.5,,,,,,
6/17/2021 18:14,519.33,151.74,543,3001,24.86,,,,,,
6/17/2021 18:15,520.08,151.8,543,2999,26.78,,,,,,
6/17/2021 18:16,519.28,151.97,543,2998,26.11,,,,,,
6/17/2021 18:17,512.23,151.27,543,2997,27.94,,,,,,
6/17/2021 18:18,515.93,149.9,543,2998,23.9,,,,,,
6/17/2021 18:19,513.89,150.77,543,2998,25.92,,,,,,
6/17/2021 18:20,513.19,150.75,543,3000,27.07,,,,,,
6/17/2021 18:21,513.75,150.93,543,2999,22.56,,,,,,
6/17/2021 18:22,516.96,152.17,543,3001,24.96,,,,,,
6/17/2021 18:23,522.16,153.58,543,3001,29.18,,,,,,
6/17/2021 18:24,525,154.74,543,3000,22.18,,,,,,
6/17/2021 18:25,526.57,155.1,543,2999,26.78,,,,,,
6/17/2021 18:26,527.79,155.8,542,2999,29.86,,,,,,
6/17/2021 18:27,529.5,156.04,542,2998,27.65,,,,,,
6/17/2021 18:28,530.84,156.58,542,2997,28.42,,,,,,
6/17/2021 18:29,531.63,156.91,542,2996,29.47,,,,,,
6/17/2021 18:30,534.14,157.78,542,2999,29.18,,,,,,
6/17/2021 18:31,537.96,159.07,542,2999,30.82,,,,,,
6/17/2021 18:32,541.71,160.11,542,2997,33.7,,,,,,
6/17/2021 18:33,546.12,161.06,542,2998,36.48,,,,,,
6/17/2021 18:34,546.45,161.52,542,2998,37.92,,,,,,
6/17/2021 18:35,547.64,161.31,542,2994,42.72,,,,,,
6/17/2021 18:36,545.93,161.64,541,2995,41.28,,,,,,
6/17/2021 18:37,546.3,161.57,541,2994,40.99,,,,,,
6/17/2021 18:38,545.34,161.66,541,2995,40.51,,,,,,
6/17/2021 18:39,546.3,161.78,541,2995,41.18,,,,,,
6/17/2021 18:40,546.73,161.81,541,2995,43.01,,,,,,
6/17/2021 18:41,549.63,162.09,542,2995,44.83,,,,,,
6/17/2021 18:42,552.02,162.85,542,2995,45.7,,,,,,
6/17/2021 18:43,554.37,163.15,542,2995,44.64,,,,,,
6/17/2021 18:44,555.35,163.17,543,2994,47.14,,,,,,
6/17/2021 18:45,553.92,163.37,543,2997,41.47,,,,,,
6/17/2021 18:46,554.65,163.78,543,2999,36,,,,,,
6/17/2021 18:47,554.06,163.92,543,3000,34.08,,,,,,
6/17/2021 18:48,554.81,164.4,543,3002,36.38,,,,,,
6/17/2021 18:49,554.65,164.58,542,3002,31.78,,,,,,
6/17/2021 18:50,555.61,164.55,542,3003,35.71,,,,,,
6/17/2021 18:51,556.97,164.71,542,3004,35.23,,,,,,
6/17/2021 18:52,558.94,164.91,543,3003,39.36,,,,,,
6/17/2021 18:53,560.58,165.48,543,3000,40.9,,,,,,
6/17/2021 18:54,562.59,165.95,543,3000,40.03,,,,,,
6/17/2021 18:55,564.33,165.92,543,2999,44.26,,,,,,
6/17/2021 18:56,565.24,166.29,543,2998,45.12,,,,,,
6/17/2021 18:57,566.32,166.22,543,2996,43.3,,,,,,
6/17/2021 18:58,566.32,166.1,543,2996,43.2,,,,,,
6/17/2021 18:59,564.77,165.71,543,2995,44.45,,,,,,
6/17/2021 19:00,562.5,165.4,543,2995,37.92,,,,,,
6/17/2021 19:01,564.14,165.06,543,2998,34.85,,,,,,
6/17/2021 19:02,564.09,165.15,543,3001,33.02,,,,,,
6/17/2021 19:03,565.29,165.3,543,3002,29.09,,,,,,
6/17/2021 19:04,564.54,165.25,543,3003,30.24,,,,,,
6/17/2021 19:05,565.2,165.15,543,3003,27.65,,,,,,
6/17/2021 19:06,565.52,165.31,543,3003,28.61,,,,,,
6/17/2021 19:07,565.99,165.26,543,3003,30.43,,,,,,
6/17/2021 19:08,565.43,165.59,543,3001,31.68,,,,,,
6/17/2021 19:09,563.95,165.38,543,2999,32.64,,,,,,
6/17/2021 19:10,564.61,165.3,542,2998,36.29,,,,,,
6/17/2021 19:11,565.8,165.52,542,2995,37.92,,,,,,
6/17/2021 19:12,566.32,165.67,542,2994,37.73,,,,,,
6/17/2021 19:13,565.69,165.71,542,2995,38.4,,,,,,
6/17/2021 19:14,566.13,165.64,542,2994,35.52,,,,,,
6/17/2021 19:15,565.43,165.52,541,2996,31.68,,,,,,
6/17/2021 19:16,563.53,165.09,541,2996,33.12,,,,,,
6/17/2021 19:17,563.77,164.77,541,2997,27.94,,,,,,
6/17/2021 19:18,563.53,164.76,541,2998,29.95,,,,,,
6/17/2021 19:19,562.78,164.95,541,2999,26.78,,,,,,
6/17/2021 19:20,562.48,164.71,541,2999,29.86,,,,,,
6/17/2021 19:21,562.27,164.66,541,2998,28.03,,,,,,
6/17/2021 19:22,561.73,165.26,541,2998,29.95,,,,,,
6/17/2021 19:23,563.53,166.28,541,2998,29.28,,,,,,
6/17/2021 19:24,569.58,167.79,542,2996,25.82,,,,,,
6/17/2021 19:25,575.2,169.95,542,2997,26.88,,,,,,
6/17/2021 19:26,578.67,170.99,542,2998,32.54,,,,,,
6/17/2021 19:27,578.53,171.71,541,2997,32.06,,,,,,
6/17/2021 19:28,580.9,171.77,540,2997,31.1,,,,,,
6/17/2021 19:29,580.15,171.75,540,2996,27.94,,,,,,
6/17/2021 19:30,579.3,171.29,540,2999,27.65,,,,,,
6/17/2021 19:31,577.05,170.98,539,3001,24,,,,,,
6/17/2021 19:32,575.65,170.67,539,3000,22.56,,,,,,
6/17/2021 19:33,573.61,170.31,539,3001,19.78,,,,,,
6/17/2021 19:34,572.58,170.07,540,3002,22.46,,,,,,
6/17/2021 19:35,572.06,169.88,541,3002,22.94,,,,,,
6/17/2021 19:36,572.02,169.81,542,3000,23.62,,,,,,
6/17/2021 19:37,573.14,170.3,543,3000,25.73,,,,,,
6/17/2021 19:38,574.95,170.31,544,2999,27.74,,,,,,
6/17/2021 19:39,575.51,170.6,546,3000,28.42,,,,,,
6/17/2021 19:40,578.02,170.97,547,2998,29.38,,,,,,
6/17/2021 19:41,580.55,171.15,547,2997,28.7,,,,,,
6/17/2021 19:42,579.96,171.45,548,2995,30.24,,,,,,
6/17/2021 19:43,581.91,171.38,547,2994,28.8,,,,,,
6/17/2021 19:44,582.98,171.59,547,2994,27.94,,,,,,
6/17/2021 19:45,581.18,171.6,547,2994,26.78,,,,,,
6/17/2021 19:46,582.28,171.36,547,2995,29.47,,,,,,
6/17/2021 19:47,583.36,171.34,546,2995,29.09,,,,,,
6/17/2021 19:48,584.23,171.68,546,2995,27.65,,,,,,
6/17/2021 19:49,581.67,171.7,547,2996,31.3,,,,,,
6/17/2021 19:50,582.8,171.42,547,2994,26.3,,,,,,
6/17/2021 19:51,581.27,171.07,547,2996,31.01,,,,,,
6/17/2021 19:52,580.8,171.15,547,2995,30.43,,,,,,
6/17/2021 19:53,581.63,171.01,548,2994,24.48,,,,,,
6/17/2021 19:54,579.87,170.86,548,2995,25.34,,,,,,
6/17/2021 19:55,578.39,170.8,548,2995,22.85,,,,,,
6/17/2021 19:56,577.55,170.69,548,2995,23.04,,,,,,
6/17/2021 19:57,577.73,170.43,549,2995,23.23,,,,,,
6/17/2021 19:58,577.31,170.61,549,2998,21.89,,,,,,
6/17/2021 19:59,577.52,170.47,549,2998,19.58,,,,,,
6/17/2021 20:00,576.89,170.54,549,2998,15.36,,,,,,
6/17/2021 20:01,577.03,170.41,549,3000,13.15,,,,,,
6/17/2021 20:02,578.48,170.45,549,3002,7.68,,,,,,
6/17/2021 20:03,577.88,170.69,550,3002,8.45,,,,,,
6/17/2021 20:04,577.73,170.52,550,3002,10.18,,,,,,
6/17/2021 20:05,577.59,170.58,550,3002,12.48,,,,,,
6/17/2021 20:06,577.17,170.75,551,3001,15.26,,,,,,
6/17/2021 20:07,578.72,170.87,551,3000,18.72,,,,,,
6/17/2021 20:08,579.96,170.93,551,2997,23.23,,,,,,
6/17/2021 20:09,581.77,171.18,552,2995,22.56,,,,,,
6/17/2021 20:10,581.11,171.4,552,2994,27.74,,,,,,
6/17/2021 20:11,581.13,171.29,552,2992,26.3,,,,,,
6/17/2021 20:12,581.63,171.26,552,2992,23.14,,,,,,
6/17/2021 20:13,581.27,171.22,552,2994,23.33,,,,,,
6/17/2021 20:14,579.12,171.23,551,2993,24.48,,,,,,
6/17/2021 20:15,578.67,170.73,551,2993,23.14,,,,,,
6/17/2021 20:16,577.88,170.87,551,2994,24.38,,,,,,
6/17/2021 20:17,580.05,170.43,551,2994,24.96,,,,,,
6/17/2021 20:18,580.76,170.87,551,2994,27.46,,,,,,
6/17/2021 20:19,582.05,171.11,551,2994,24.67,,,,,,
6/17/2021 20:20,582.84,171.29,551,2994,27.55,,,,,,
6/17/2021 20:21,581.77,171.42,551,2994,24.86,,,,,,
6/17/2021 20:22,582,171.11,551,2994,22.27,,,,,,
6/17/2021 20:23,582.7,171.21,551,2995,24.38,,,,,,
6/17/2021 20:24,582.66,171.23,550,2995,15.94,,,,,,
6/17/2021 20:25,582.19,171.21,550,3000,21.6,,,,,,
6/17/2021 20:26,581.55,171.29,549,2998,18.43,,,,,,
6/17/2021 20:27,582.05,171.01,549,2999,17.57,,,,,,
6/17/2021 20:28,580.8,171.18,549,3000,18.82,,,,,,
6/17/2021 20:29,581.32,170.87,549,2999,19.1,,,,,,
6/17/2021 20:30,578.95,170.97,549,3000,15.94,,,,,,
6/17/2021 20:31,579.82,170.63,549,3002,14.21,,,,,,
6/17/2021 20:32,580.15,170.82,549,3002,14.88,,,,,,
6/17/2021 20:33,579.26,170.79,549,3003,14.78,,,,,,
6/17/2021 20:34,579.87,170.82,548,3003,17.28,,,,,,
6/17/2021 20:35,580.17,170.8,548,3003,16.03,,,,,,
6/17/2021 20:36,579.49,170.91,548,3003,18.72,,,,,,
6/17/2021 20:37,579.96,170.8,547,3003,21.79,,,,,,
6/17/2021 20:38,578.77,170.76,547,3003,20.74,,,,,,
6/17/2021 20:39,577.1,170.8,547,3002,21.02,,,,,,
6/17/2021 20:40,577.88,170.67,547,3001,25.92,,,,,,
6/17/2021 20:41,578.25,170.79,548,3000,20.64,,,,,,
6/17/2021 20:42,578.2,170.87,548,3001,24,,,,,,
6/17/2021 20:43,579.68,170.94,549,3000,21.7,,,,,,
6/17/2021 20:44,579.68,171.17,549,3001,20.35,,,,,,
6/17/2021 20:45,580.52,171.14,549,3003,19.97,,,,,,
6/17/2021 20:46,581.77,171.32,549,3003,17.47,,,,,,
6/17/2021 20:47,582.75,171.36,549,3005,15.74,,,,,,
6/17/2021 20:48,585.35,171.58,549,3005,16.22,,,,,,
6/17/2021 20:49,585.59,172.03,549,3004,18.53,,,,,,
6/17/2021 20:50,588.14,171.84,549,3004,17.95,,,,,,
6/17/2021 20:51,589.24,172.32,549,3004,20.35,,,,,,
6/17/2021 20:52,586.88,172.12,549,3004,23.23,,,,,,
6/17/2021 20:53,586.43,171.88,549,3004,26.5,,,,,,
6/17/2021 20:54,586.05,171.53,550,3002,28.7,,,,,,
6/17/2021 20:55,585.26,171.4,550,3003,26.88,,,,,,
6/17/2021 20:56,584.34,171.22,550,3003,28.32,,,,,,
6/17/2021 20:57,586.97,171.18,550,3003,23.71,,,,,,
6/17/2021 20:58,589.05,171.52,550,3002,25.15,,,,,,
6/17/2021 20:59,590.98,171.9,551,3002,25.54,,,,,,
6/17/2021 21:00,590.7,172.66,551,3000,22.75,,,,,,
6/17/2021 21:01,590.37,172.68,551,3003,22.37,,,,,,
6/17/2021 21:02,589.1,172.28,551,3002,23.81,,,,,,
6/17/2021 21:03,587.37,171.87,550,3003,23.71,,,,,,
6/17/2021 21:04,586.55,170.83,550,3003,26.78,,,,,,
6/17/2021 21:05,586.78,170.68,550,3001,27.65,,,,,,
6/17/2021 21:06,587.02,170.83,550,3002,29.28,,,,,,
6/17/2021 21:07,588.75,170.91,551,3000,29.86,,,,,,
6/17/2021 21:08,588.52,171.59,551,3002,32.93,,,,,,
6/17/2021 21:09,589.17,171.4,551,3001,36.19,,,,,,
6/17/2021 21:10,589.03,171.14,550,2998,34.85,,,,,,
6/17/2021 21:11,589.15,171.42,549,2998,33.41,,,,,,
6/17/2021 21:12,588.8,171.25,549,2998,35.71,,,,,,
6/17/2021 21:13,587.06,171.19,549,2997,35.23,,,,,,
6/17/2021 21:14,585.94,170.86,548,2997,32.45,,,,,,
6/17/2021 21:15,585.12,170.56,548,2999,33.41,,,,,,
6/17/2021 21:16,583.83,170.13,548,3001,35.9,,,,,,
6/17/2021 21:17,582.23,169.95,548,2999,37.63,,,,,,
6/17/2021 21:18,581.88,169.85,548,2998,34.66,,,,,,
6/17/2021 21:19,581.77,169.81,549,2998,38.4,,,,,,
6/17/2021 21:20,582.23,169.62,549,2997,43.68,,,,,,
6/17/2021 21:21,583.17,169.7,549,2996,42.72,,,,,,
6/17/2021 21:22,584.6,170.09,550,2995,42.91,,,,,,
6/17/2021 21:23,583.29,170.15,550,2994,42.53,,,,,,
6/17/2021 21:24,583.24,169.88,550,2995,44.35,,,,,,
6/17/2021 21:25,583.08,169.76,550,2995,40.13,,,,,,
6/17/2021 21:26,581.74,169.77,550,2997,43.68,,,,,,
6/17/2021 21:27,581.18,169.57,550,2995,42.14,,,,,,
6/17/2021 21:28,581.7,169.78,550,2998,42.43,,,,,,
6/17/2021 21:29,580.92,169.87,549,2999,44.54,,,,,,
6/17/2021 21:30,581.37,170.11,550,2996,42.24,,,,,,
6/17/2021 21:31,580.76,170.09,550,2998,41.09,,,,,,
6/17/2021 21:32,580.17,170.25,550,2997,39.07,,,,,,
6/17/2021 21:33,578.58,170.06,550,2997,42.05,,,,,,
6/17/2021 21:34,577.29,169.89,549,2997,38.78,,,,,,
6/17/2021 21:35,576.89,169.81,549,2998,37.63,,,,,,
6/17/2021 21:36,577.52,170.19,549,2999,36.86,,,,,,
6/17/2021 21:37,577.83,170.32,549,2999,35.71,,,,,,
6/17/2021 21:38,576.54,170.57,549,3000,41.18,,,,,,
6/17/2021 21:39,575.77,170.24,549,2998,32.74,,,,,,
6/17/2021 21:40,578.58,170.24,549,3000,36.58,,,,,,
6/17/2021 21:41,575.93,170.64,549,3000,33.31,,,,,,
6/17/2021 21:42,577.17,170.58,549,3001,36.67,,,,,,
6/17/2021 21:43,578.65,170.5,550,3000,35.62,,,,,,
6/17/2021 21:44,576.96,171.04,550,3000,36.19,,,,,,
6/17/2021 21:45,577.76,170.68,550,3000,38.3,,,,,,
6/17/2021 21:46,575.95,170.76,550,2999,38.5,,,,,,
6/17/2021 21:47,575.67,170.53,550,2998,35.71,,,,,,
6/17/2021 21:48,574.43,170.68,550,2999,35.42,,,,,,
6/17/2021 21:49,575.98,170.63,550,2999,36.67,,,,,,
6/17/2021 21:50,576,170.9,550,2999,34.37,,,,,,
6/17/2021 21:51,578.16,171.11,551,2998,33.79,,,,,,
6/17/2021 21:52,578.46,171.17,552,2998,31.01,,,,,,
6/17/2021 21:53,578.86,171.17,552,3001,31.97,,,,,,
6/17/2021 21:54,581.13,171.25,552,3001,27.84,,,,,,
6/17/2021 21:55,581.11,171.52,552,3002,29.57,,,,,,
6/17/2021 21:56,580.22,171.59,552,3000,27.46,,,,,,
6/17/2021 21:57,581.79,170.94,552,3001,26.4,,,,,,
6/17/2021 21:58,583.05,171.27,552,3002,28.61,,,,,,
6/17/2021 21:59,585.45,171.59,552,3002,25.44,,,,,,
6/17/2021 22:00,587.18,172.6,553,3002,23.62,,,,,,
6/17/2021 22:01,591.12,173.85,553,3004,22.18,,,,,,
6/17/2021 22:02,598.66,175.76,554,3003,23.33,,,,,,
6/17/2021 22:03,604.83,177.29,554,3002,26.4,,,,,,
6/17/2021 22:04,608.53,178.17,554,3001,32.93,,,,,,
6/17/2021 22:05,610.34,178.56,553,2999,38.3,,,,,,
6/17/2021 22:06,608.16,178.73,553,2998,40.32,,,,,,
6/17/2021 22:07,610.38,179.92,552,2996,43.01,,,,,,
6/17/2021 22:08,615.96,182.05,552,2996,49.34,,,,,,
6/17/2021 22:09,623.48,184,552,2993,45.7,,,,,,
6/17/2021 22:10,629.23,185.71,552,2994,43.58,,,,,,
6/17/2021 22:11,632.95,186.26,551,2995,45.5,,,,,,
6/17/2021 22:12,636.02,186.69,550,2995,42.53,,,,,,
6/17/2021 22:13,634.01,187,549,2997,45.79,,,,,,
6/17/2021 22:14,633.87,187.23,549,2998,47.52,,,,,,
6/17/2021 22:15,633.14,188.26,549,2997,48.38,,,,,,
6/17/2021 22:16,636.66,189.24,549,2996,46.18,,,,,,
6/17/2021 22:17,639.77,190.17,549,2997,51.26,,,,,,
6/17/2021 22:18,641.63,190.83,548,2995,49.92,,,,,,
6/17/2021 22:19,642.66,191.04,548,2996,52.8,,,,,,
6/17/2021 22:20,644.74,191.15,547,2994,48.96,,,,,,
6/17/2021 22:21,644.7,191.26,547,2996,50.59,,,,,,
6/17/2021 22:22,643.31,191.16,547,2997,52.8,,,,,,
6/17/2021 22:23,643.62,190.66,547,2996,55.58,,,,,,
6/17/2021 22:24,643.17,190.7,547,2994,55.97,,,,,,
6/17/2021 22:25,640.24,190.58,548,2993,54.43,,,,,,
6/17/2021 22:26,641.25,190.37,548,2994,48.67,,,,,,
6/17/2021 22:27,644.13,190.93,549,2998,49.63,,,,,,
6/17/2021 22:28,646.97,191.57,549,3000,47.04,,,,,,
6/17/2021 22:29,647.16,191.99,550,3001,48.58,,,,,,
6/17/2021 22:30,649.34,192.46,550,3001,49.25,,,,,,
6/17/2021 22:31,651.98,192.46,550,3001,52.61,,,,,,
6/17/2021 22:32,655.1,193.46,551,3001,56.54,,,,,,
6/17/2021 22:33,657.98,194.24,551,2999,57.89,,,,,,
6/17/2021 22:34,657.09,194.54,550,2999,58.18,,,,,,
6/17/2021 22:35,655.24,194.65,550,2998,57.98,,,,,,
6/17/2021 22:36,656.39,194.93,550,2998,54.53,,,,,,
6/17/2021 22:37,661.08,196.28,550,3000,53.86,,,,,,
6/17/2021 22:38,663.45,197.66,550,3001,53.86,,,,,,
6/17/2021 22:39,665.95,198.65,550,3002,55.1,,,,,,
6/17/2021 22:40,667.03,199.1,551,3003,57.5,,,,,,
6/17/2021 22:41,668.6,198.94,551,3001,58.08,,,,,,
6/17/2021 22:42,668.32,199.33,550,3001,58.66,,,,,,
6/17/2021 22:43,666.84,199.32,550,3001,60.48,,,,,,
6/17/2021 22:44,662.53,199.03,550,3000,60.38,,,,,,
6/17/2021 22:45,665.74,199.77,550,3000,61.06,,,,,,
6/17/2021 22:46,669.91,201.76,550,3000,62.11,,,,,,
6/17/2021 22:47,677.53,203.75,551,3002,63.46,,,,,,
6/17/2021 22:48,681.52,205.07,552,3001,64.9,,,,,,
6/17/2021 22:49,685.73,205.91,552,3001,67.68,,,,,,
6/17/2021 22:50,685.48,206.09,552,3001,60.86,,,,,,
6/17/2021 22:51,685.2,206.13,552,2999,60.48,,,,,,
6/17/2021 22:52,683.18,205.88,551,3002,65.28,,,,,,
6/17/2021 22:53,678.14,205.17,551,3002,59.52,,,,,,
6/17/2021 22:54,672.84,204.7,551,3001,60.77,,,,,,
6/17/2021 22:55,674.23,205.11,551,3001,59.14,,,,,,
6/17/2021 22:56,679.34,206.86,551,3001,59.04,,,,,,
6/17/2021 22:57,685.88,209.38,553,3002,62.4,,,,,,
6/17/2021 22:58,689.55,211.09,553,3000,57.89,,,,,,
6/17/2021 22:59,690.7,211.86,553,2999,62.69,,,,,,
6/17/2021 23:00,688.43,212.01,552,2999,59.04,,,,,,
6/17/2021 23:01,687.52,211.76,551,2997,55.1,,,,,,
6/17/2021 23:02,681.42,211.61,550,2997,57.22,,,,,,
6/17/2021 23:03,677.91,211.44,549,3000,57.6,,,,,,
6/17/2021 23:04,682.64,212.96,549,2999,57.31,,,,,,
6/17/2021 23:05,689.55,215,549,3000,62.02,,,,,,
6/17/2021 23:06,696.56,216.62,549,3000,63.84,,,,,,
6/17/2021 23:07,701.53,217.98,549,2999,62.02,,,,,,
6/17/2021 23:08,703.9,218.5,550,2997,60.1,,,,,,
6/17/2021 23:09,702.28,218.48,550,3000,61.73,,,,,,
6/17/2021 23:10,700.01,218.01,549,2999,61.73,,,,,,
6/17/2021 23:11,698.13,217.39,549,3000,59.71,,,,,,
6/17/2021 23:12,695.91,217.28,549,3000,61.44,,,,,,
6/17/2021 23:13,697.83,216.92,550,3001,59.62,,,,,,
6/17/2021 23:14,700.01,216.82,551,3001,63.36,,,,,,
6/17/2021 23:15,703.57,217.29,552,3001,59.81,,,,,,
6/17/2021 23:16,706.41,217.53,552,2999,60,,,,,,
6/17/2021 23:17,707.72,217.74,553,3001,60.29,,,,,,
6/17/2021 23:18,708.07,217.92,554,3001,58.66,,,,,,
6/17/2021 23:19,707.86,217.93,554,3000,60.29,,,,,,
6/17/2021 23:20,705.94,217.88,554,3001,58.94,,,,,,
6/17/2021 23:21,705.75,217.41,553,3001,58.94,,,,,,
6/17/2021 23:22,705.26,217.25,553,3001,55.87,,,,,,
6/17/2021 23:23,705.26,217.09,553,3001,57.41,,,,,,
6/17/2021 23:24,708.12,217.05,553,3003,57.22,,,,,,
6/17/2021 23:25,708.45,217.36,553,3002,55.97,,,,,,
6/17/2021 23:26,708.16,217.36,553,3002,53.76,,,,,,
6/17/2021 23:27,711,217.51,553,3001,52.51,,,,,,
6/17/2021 23:28,709.66,217.71,553,3003,53.28,,,,,,
6/17/2021 23:29,710.23,217.45,552,3002,55.68,,,,,,
6/17/2021 23:30,709.01,217.39,552,3002,57.22,,,,,,
6/17/2021 23:31,706.5,217.24,552,3001,52.13,,,,,,
6/17/2021 23:32,705.8,216.86,552,3002,53.57,,,,,,
6/17/2021 23:33,706.45,216.79,552,3002,53.09,,,,,,
6/17/2021 23:34,706.5,216.92,552,3000,54.43,,,,,,
6/17/2021 23:35,707.63,217.21,553,3000,52.22,,,,,,
6/17/2021 23:36,707.06,217.21,553,3000,53.57,,,,,,
6/17/2021 23:37,707.58,217.51,553,3000,53.47,,,,,,
6/17/2021 23:38,706.5,217.27,553,3000,50.69,,,,,,
6/17/2021 23:39,706.88,217.12,552,3000,50.59,,,,,,
6/17/2021 23:40,704.27,217.1,551,3002,51.17,,,,,,
6/17/2021 23:41,700.43,217.2,551,3001,50.11,,,,,,
6/17/2021 23:42,696.23,217.62,551,3000,49.54,,,,,,
6/17/2021 23:43,697.83,218.93,552,3000,48.58,,,,,,
6/17/2021 23:44,703.24,220.96,552,3000,48,,,,,,
6/17/2021 23:45,708.26,222.41,552,3000,46.94,,,,,,
6/17/2021 23:46,711.47,223.56,551,3000,44.45,,,,,,
6/17/2021 23:47,711.84,224.23,551,3002,44.83,,,,,,
6/17/2021 23:48,712.9,223.88,551,3002,43.1,,,,,,
6/17/2021 23:49,710.63,223.81,550,3001,40.51,,,,,,
6/17/2021 23:50,705.8,223.16,550,3002,41.18,,,,,,
6/17/2021 23:51,704.98,222.94,550,3003,37.34,,,,,,
6/17/2021 23:52,704.09,222.56,550,3002,37.63,,,,,,
6/17/2021 23:53,706.13,222.71,551,3002,37.06,,,,,,
6/17/2021 23:54,708.63,222.93,551,3001,37.44,,,,,,
6/17/2021 23:55,712.03,223.3,552,3000,38.4,,,,,,
6/17/2021 23:56,714.77,223.63,553,3001,36,,,,,,
6/17/2021 23:57,714.59,224.09,554,3001,36.38,,,,,,
6/17/2021 23:58,712.03,224,554,3001,38.5,,,,,,
6/17/2021 23:59,708.59,223.78,554,3001,34.08,,,,,,
6/18/2021 0:00,707.48,222.98,554,3000,35.33,,,,,,
6/18/2021 0:01,705.61,222.71,554,3001,34.75,,,,,,
6/18/2021 0:02,702.75,222.69,554,2999,36.48,,,,,,
6/18/2021 0:03,694.52,222.87,554,3000,35.04,,,,,,
6/18/2021 0:04,703.43,223.75,555,2997,41.18,,,,,,
6/18/2021 0:05,706.83,227.15,555,2997,45.12,,,,,,
6/18/2021 0:06,722.06,229.46,555,2997,45.5,,,,,,
6/18/2021 0:07,723.16,230,555,2995,48.58,,,,,,
6/18/2021 0:08,721.17,230.75,554,2996,45.7,,,,,,
6/18/2021 0:09,718.38,230.19,553,2996,45.6,,,,,,
6/18/2021 0:10,708.16,229.66,552,2997,44.54,,,,,,
6/18/2021 0:11,707.81,228.85,552,2996,38.78,,,,,,
6/18/2021 0:12,708.73,230.53,552,2998,41.95,,,,,,
6/18/2021 0:13,715.5,232.76,553,2999,43.01,,,,,,
6/18/2021 0:14,730.64,235,554,2999,44.83,,,,,,
6/18/2021 0:15,729.4,236.31,555,3001,45.5,,,,,,
6/18/2021 0:16,736.36,237.06,555,2998,43.01,,,,,,
6/18/2021 0:17,728.55,236.48,555,2999,38.78,,,,,,
6/18/2021 0:18,724.57,236.59,554,3001,37.06,,,,,,
6/18/2021 0:19,725.63,235.4,554,3001,39.26,,,,,,
6/18/2021 0:20,724.62,235.66,554,3002,41.57,,,,,,
6/18/2021 0:21,726.47,235.48,555,3001,39.55,,,,,,
6/18/2021 0:22,725.86,235.63,556,2999,44.74,,,,,,
6/18/2021 0:23,733.76,235.2,556,3000,45.89,,,,,,
6/18/2021 0:24,736.73,235.31,557,3000,42.34,,,,,,
6/18/2021 0:25,734.55,236.43,557,3000,43.49,,,,,,
6/18/2021 0:26,736.97,235.61,557,3001,42.91,,,,,,
6/18/2021 0:27,727.76,235.54,557,3001,50.59,,,,,,
6/18/2021 0:28,726.47,236.3,557,2999,44.16,,,,,,
6/18/2021 0:29,736.92,235.63,557,2999,46.27,,,,,,
6/18/2021 0:30,729.49,235.29,557,2999,47.62,,,,,,
6/18/2021 0:31,738.73,236.24,558,2999,46.08,,,,,,
6/18/2021 0:32,741.94,235.39,558,2998,43.1,,,,,,
6/18/2021 0:33,737.84,235.68,559,2998,45.02,,,,,,
6/18/2021 0:34,728.55,235.55,558,2998,42.43,,,,,,
6/18/2021 0:35,736.45,235.53,558,2999,44.35,,,,,,
6/18/2021 0:36,737.06,235.4,558,3001,48.1,,,,,,
6/18/2021 0:37,735.42,235.25,558,2999,45.22,,,,,,
6/18/2021 0:38,736.03,235.35,558,2997,47.04,,,,,,
6/18/2021 0:39,735.38,235.31,558,2998,43.58,,,,,,
6/18/2021 0:40,737.7,235.33,558,2999,43.49,,,,,,
6/18/2021 0:41,738.21,235.57,558,3001,44.45,,,,,,
6/18/2021 0:42,739.52,235.89,558,3001,43.78,,,,,,
6/18/2021 0:43,739.24,235.89,558,3000,45.02,,,,,,
6/18/2021 0:44,738.3,235.85,558,2998,44.35,,,,,,
6/18/2021 0:45,735.52,235.72,557,2999,42.05,,,,,,
6/18/2021 0:46,728.79,235.28,557,3000,42.43,,,,,,
6/18/2021 0:47,724.8,235.94,557,3001,45.6,,,,,,
6/18/2021 0:48,732.28,235.4,556,3000,41.76,,,,,,
6/18/2021 0:49,735.56,234.71,556,2998,44.35,,,,,,
6/18/2021 0:50,724.62,235.4,556,2998,43.58,,,,,,
6/18/2021 0:51,726.42,236.28,555,2998,44.06,,,,,,
6/18/2021 0:52,726.28,235.72,555,3000,40.9,,,,,,
6/18/2021 0:53,729.87,238.14,555,3000,42.43,,,,,,
6/18/2021 0:54,732.96,240.37,555,3002,42.43,,,,,,
6/18/2021 0:55,736.64,241.62,555,3002,44.06,,,,,,
6/18/2021 0:56,737.2,242.09,554,3001,45.79,,,,,,
6/18/2021 0:57,738.91,242.26,553,3001,44.93,,,,,,
6/18/2021 0:58,739.05,242.2,552,3000,47.42,,,,,,
6/18/2021 0:59,736.45,242.07,552,2999,45.22,,,,,,
6/18/2021 1:00,738.91,241.68,551,2998,46.75,,,,,,
6/18/2021 1:01,737.98,241.84,552,2999,46.18,,,,,,
6/18/2021 1:02,737.7,241.92,552,2999,46.66,,,,,,
6/18/2021 1:03,737.88,241.68,553,2998,45.12,,,,,,
6/18/2021 1:04,734.46,241.9,553,2998,43.39,,,,,,
6/18/2021 1:05,733.2,241.21,554,2998,44.16,,,,,,
6/18/2021 1:06,732.52,241.21,555,2998,44.06,,,,,,
6/18/2021 1:07,732.73,241.43,556,2998,41.95,,,,,,
6/18/2021 1:08,735.42,241.45,557,2999,42.05,,,,,,
6/18/2021 1:09,738.77,241.86,558,2999,40.13,,,,,,
6/18/2021 1:10,740.11,242.23,558,3001,43.1,,,,,,
6/18/2021 1:11,743.13,242.38,559,3002,43.68,,,,,,
6/18/2021 1:12,745.31,242.46,559,3001,39.94,,,,,,
6/18/2021 1:13,751.22,242.34,558,3001,41.76,,,,,,
6/18/2021 1:14,746.95,241.66,558,3002,42.72,,,,,,
6/18/2021 1:15,744.4,242.26,559,3001,41.86,,,,,,
6/18/2021 1:16,742.31,242.03,560,2999,38.21,,,,,,
6/18/2021 1:17,740.72,241.79,560,3001,41.57,,,,,,
6/18/2021 1:18,739.29,241.31,561,2997,41.38,,,,,,
6/18/2021 1:19,741.94,241.38,561,2997,40.7,,,,,,
6/18/2021 1:20,743.23,241.77,561,2997,38.98,,,,,,
6/18/2021 1:21,744.16,241.78,562,2998,33.5,,,,,,
6/18/2021 1:22,747.63,241.94,562,3001,38.21,,,,,,
6/18/2021 1:23,748.66,242.27,561,3003,37.82,,,,,,
6/18/2021 1:24,749.27,242.09,561,3001,37.54,,,,,,
6/18/2021 1:25,746.44,242.07,561,3002,37.34,,,,,,
6/18/2021 1:26,747.38,242.2,561,3002,39.07,,,,,,
6/18/2021 1:27,745.5,241.5,561,3000,39.17,,,,,,
6/18/2021 1:28,743.93,241.77,561,2999,38.11,,,,,,
6/18/2021 1:29,741.56,241.46,561,2999,36.29,,,,,,
6/18/2021 1:30,741.52,241.16,561,2999,32.83,,,,,,
6/18/2021 1:31,741.61,241.25,561,3000,32.54,,,,,,
6/18/2021 1:32,740.16,241.54,561,3001,33.02,,,,,,
6/18/2021 1:33,739.71,241.4,561,3001,33.41,,,,,,
6/18/2021 1:34,740.25,241.19,561,2999,33.41,,,,,,
6/18/2021 1:35,743.46,241.34,560,2999,31.78,,,,,,
6/18/2021 1:36,744.4,241.82,560,2999,33.12,,,,,,
6/18/2021 1:37,744.26,241.97,561,3000,27.46,,,,,,
6/18/2021 1:38,743.32,241.9,561,3002,31.58,,,,,,
6/18/2021 1:39,745.03,241.81,562,3001,30.34,,,,,,
6/18/2021 1:40,752.2,241.71,562,3000,34.37,,,,,,
6/18/2021 1:41,745.64,240.09,561,3001,32.35,,,,,,
6/18/2021 1:42,732.19,237.71,560,3000,28.7,,,,,,
6/18/2021 1:43,727.41,235.43,560,3001,28.7,,,,,,
6/18/2021 1:44,725.13,234.02,560,3001,28.9,,,,,,
6/18/2021 1:45,725.58,234.67,560,3000,26.59,,,,,,
6/18/2021 1:46,730.01,235.05,561,3002,28.9,,,,,,
6/18/2021 1:47,737.88,235.63,561,3001,30.43,,,,,,
6/18/2021 1:48,743.13,235.89,562,3002,29.47,,,,,,
6/18/2021 1:49,738.35,233.83,562,3002,31.78,,,,,,
6/18/2021 1:50,732.23,231.26,562,3002,32.45,,,,,,
6/18/2021 1:51,727.71,229.24,563,2999,29.57,,,,,,
6/18/2021 1:52,721.64,226.88,563,2999,29.66,,,,,,
6/18/2021 1:53,715.55,224.25,563,2999,30.43,,,,,,
6/18/2021 1:54,712.73,222.44,564,2998,31.1,,,,,,
6/18/2021 1:55,715.41,222.1,565,2997,33.98,,,,,,
6/18/2021 1:56,718.76,222.65,566,2997,32.06,,,,,,
6/18/2021 1:57,722.44,223.24,566,2997,33.98,,,,,,
6/18/2021 1:58,726.38,223.92,567,2998,31.68,,,,,,
6/18/2021 1:59,724.24,224.39,566,3001,30.34,,,,,,
6/18/2021 2:00,722.53,223.95,566,3001,29.38,,,,,,
,,,,,,,,,,,
,,,,,,,,,,,
,,,,,,,,,,,
,,,,,,,,,,,
,,,,,,,,,,,
,,,,,,,,,,,
,,,,,,,,,,,
,,,,,,,,,,,
,,,,,,,,,,,
,,,,,,,,,,,
,,,,,,,,,,,
,,,,,,,,,,,
,,,,,,,,,,,
,,,,,,,,,,,
,,,,,,,,,,,
,,,,,,,,,,,
,,,,,,,,,,,
,,,,,,,,,,,
,,,,,,,,,,,
,,,,,,,,,,,
,,,,,,,,,,,
,,,,,,,,,,,
,,,,,,,,,,,
,,,,,,,,,,,
,,,,,,,,,,,
,,,,,,,,,,,
,,,,,,,,,,,
,,,,,,,,,,,
,,,,,,,,,,,
,,,,,,,,,,,
,,,,,,,,,,,
,,,,,,,,,,,
,,,,,,,,,,,
,,,,,,,,,,,
,,,,,,,,,,,
,,,,,,,,,,,
,,,,,,,,,,,
,,,,,,,,,,,
,,,,,,,,,,,
,,,,,,,,,,,
,,,,,,,,,,,
,,,,,,,,,,,
,,,,,,,,,,,
,,,,,,,,,,,
,,,,,,,,,,,
,,,,,,,,,,,
,,,,,,,,,,,
,,,,,,,,,,,
,,,,,,,,,,,
,,,,,,,,,,,
,,,,,,,,,,,
,,,,,,,,,,,
,,,,,,,,,,,
,,,,,,,,,,,
,,,,,,,,,,,
,,,,,,,,,,,
,,,,,,,,,,,
,,,,,,,,,,,
,,,,,,,,,,,
,,,,,,,,,,,
,,,,,,,,,,,
,,,,,,,,,,,
,,,,,,,,,,,
,,,,,,,,,,,
,,,,,,,,,,,
,,,,,,,,,,,
,,,,,,,,,,,
,,,,,,,,,,,
,,,,,,,,,,,
,,,,,,,,,,,
,,,,,,,,,,,
,,,,,,,,,,,
,,,,,,,,,,,
,,,,,,,,,,,
,,,,,,,,,,,
,,,,,,,,,,,
,,,,,,,,,,,
,,,,,,,,,,,
,,,,,,,,,,,
,,,,,,,,,,,
,,,,,,,,,,,
,,,,,,,,,,,
,,,,,,,,,,,
,,,,,,,,,,,
,,,,,,,,,,,
,,,,,,,,,,,
,,,,,,,,,,,
,,,,,,,,,,,
,,,,,,,,,,,
,,,,,,,,,,,
,,,,,,,,,,,
,,,,,,,,,,,
,,,,,,,,,,,
,,,,,,,,,,,
,,,,,,,,,,,
,,,,,,,,,,,
,,,,,,,,,,,
,,,,,,,,,,,
,,,,,,,,,,,
,,,,,,,,,,,
,,,,,,,,,,,
,,,,,,,,,,,
,,,,,,,,,,,
,,,,,,,,,,,
,,,,,,,,,,,
,,,,,,,,,,,
,,,,,,,,,,,
,,,,,,,,,,,
,,,,,,,,,,,
,,,,,,,,,,,
,,,,,,,,,,,
,,,,,,,,,,,
,,,,,,,,,,,
,,,,,,,,,,,
,,,,,,,,,,,
,,,,,,,,,,,
,,,,,,,,,,,
,,,,,,,,,,,
,,,,,,,,,,,
,,,,,,,,,,,
,,,,,,,,,,,
,,,,,,,,,,,
,,,,,,,,,,,
,,,,,,,,,,,
,,,,,,,,,,,
,,,,,,,,,,,
,,,,,,,,,,,
,,,,,,,,,,,
,,,,,,,,,,,
,,,,,,,,,,,
,,,,,,,,,,,
,,,,,,,,,,,
,,,,,,,,,,,
,,,,,,,,,,,
,,,,,,,,,,,
,,,,,,,,,,,
,,,,,,,,,,,
,,,,,,,,,,,
,,,,,,,,,,,
,,,,,,,,,,,
,,,,,,,,,,,
,,,,,,,,,,,
,,,,,,,,,,,
,,,,,,,,,,,
,,,,,,,,,,,
,,,,,,,,,,,
,,,,,,,,,,,
,,,,,,,,,,,
,,,,,,,,,,,
,,,,,,,,,,,
,,,,,,,,,,,
,,,,,,,,,,,
,,,,,,,,,,,
,,,,,,,,,,,
,,,,,,,,,,,
,,,,,,,,,,,
,,,,,,,,,,,
,,,,,,,,,,,
,,,,,,,,,,,
,,,,,,,,,,,
,,,,,,,,,,,
,,,,,,,,,,,
,,,,,,,,,,,
,,,,,,,,,,,
,,,,,,,,,,,
,,,,,,,,,,,
,,,,,,,,,,,
,,,,,,,,,,,
,,,,,,,,,,,
,,,,,,,,,,,
,,,,,,,,,,,
,,,,,,,,,,,
,,,,,,,,,,,
,,,,,,,,,,,
,,,,,,,,,,,
,,,,,,,,,,,
,,,,,,,,,,,
,,,,,,,,,,,
,,,,,,,,,,,
,,,,,,,,,,,
,,,,,,,,,,,
,,,,,,,,,,,
,,,,,,,,,,,
,,,,,,,,,,,
,,,,,,,,,,,
,,,,,,,,,,,
,,,,,,,,,,,
,,,,,,,,,,,
,,,,,,,,,,,
,,,,,,,,,,,
,,,,,,,,,,,
,,,,,,,,,,,
,,,,,,,,,,,
,,,,,,,,,,,
,,,,,,,,,,,
,,,,,,,,,,,
,,,,,,,,,,,
,,,,,,,,,,,
,,,,,,,,,,,
,,,,,,,,,,,
,,,,,,,,,,,
,,,,,,,,,,,
,,,,,,,,,,,
,,,,,,,,,,,
,,,,,,,,,,,
,,,,,,,,,,,
,,,,,,,,,,,
,,,,,,,,,,,
,,,,,,,,,,,
,,,,,,,,,,,
,,,,,,,,,,,
,,,,,,,,,,,
,,,,,,,,,,,
,,,,,,,,,,,
,,,,,,,,,,,
,,,,,,,,,,,
,,,,,,,,,,,
,,,,,,,,,,,
,,,,,,,,,,,
,,,,,,,,,,,
,,,,,,,,,,,
,,,,,,,,,,,
,,,,,,,,,,,
,,,,,,,,,,,
,,,,,,,,,,,
,,,,,,,,,,,
,,,,,,,,,,,
,,,,,,,,,,,
,,,,,,,,,,,
,,,,,,,,,,,
,,,,,,,,,,,
,,,,,,,,,,,
,,,,,,,,,,,
,,,,,,,,,,,
,,,,,,,,,,,
,,,,,,,,,,,
,,,,,,,,,,,
,,,,,,,,,,,
,,,,,,,,,,,
,,,,,,,,,,,
,,,,,,,,,,,
,,,,,,,,,,,
,,,,,,,,,,,
,,,,,,,,,,,
,,,,,,,,,,,
,,,,,,,,,,,
,,,,,,,,,,,
,,,,,,,,,,,
,,,,,,,,,,,
,,,,,,,,,,,
,,,,,,,,,,,
,,,,,,,,,,,
,,,,,,,,,,,
,,,,,,,,,,,
,,,,,,,,,,,
,,,,,,,,,,,
,,,,,,,,,,,
,,,,,,,,,,,
,,,,,,,,,,,
,,,,,,,,,,,
,,,,,,,,,,,
,,,,,,,,,,,
,,,,,,,,,,,
,,,,,,,,,,,
,,,,,,,,,,,
,,,,,,,,,,,
,,,,,,,,,,,
,,,,,,,,,,,
,,,,,,,,,,,
,,,,,,,,,,,
,,,,,,,,,,,
,,,,,,,,,,,
,,,,,,,,,,,
,,,,,,,,,,,
,,,,,,,,,,,
,,,,,,,,,,,
,,,,,,,,,,,
,,,,,,,,,,,
,,,,,,,,,,,
,,,,,,,,,,,
,,,,,,,,,,,
,,,,,,,,,,,
,,,,,,,,,,,
,,,,,,,,,,,
,,,,,,,,,,,
,,,,,,,,,,,
,,,,,,,,,,,
,,,,,,,,,,,
,,,,,,,,,,,
,,,,,,,,,,,
,,,,,,,,,,,
,,,,,,,,,,,
,,,,,,,,,,,
,,,,,,,,,,,
,,,,,,,,,,,
,,,,,,,,,,,
,,,,,,,,,,,
,,,,,,,,,,,
,,,,,,,,,,,
,,,,,,,,,,,
,,,,,,,,,,,
,,,,,,,,,,,
,,,,,,,,,,,
,,,,,,,,,,,
,,,,,,,,,,,
,,,,,,,,,,,
,,,,,,,,,,,
,,,,,,,,,,,
,,,,,,,,,,,
,,,,,,,,,,,
,,,,,,,,,,,
,,,,,,,,,,,
,,,,,,,,,,,
,,,,,,,,,,,
,,,,,,,,,,,
,,,,,,,,,,,
,,,,,,,,,,,
,,,,,,,,,,,
,,,,,,,,,,,
,,,,,,,,,,,
,,,,,,,,,,,
,,,,,,,,,,,
